Connection,192.168.1.6,B0:B9:8A:5E:DF:F1,12/27/2020,00:57:58
Connection,192.168.1.6,B0:B9:8A:5E:DF:F1,12/27/2020,00:49:32
Connection,192.168.1.8,48:BA:4E:A5:90:E4,12/27/2020,00:48:29
Connection,192.168.1.6,B0:B9:8A:5E:DF:F1,12/27/2020,00:32:40
Connection,192.168.1.6,B0:B9:8A:5E:DF:F1,12/26/2020,23:58:55
Connection,192.168.1.10,F8:36:9B:83:36:A2,12/26/2020,23:00:31
Connection,192.168.1.10,F8:36:9B:83:36:A2,12/26/2020,23:00:31
Connection,192.168.1.10,F8:36:9B:83:36:A2,12/26/2020,23:00:29
Connection,192.168.1.10,F8:36:9B:83:36:A2,12/26/2020,23:00:19
Connection,192.168.1.6,B0:B9:8A:5E:DF:F1,12/26/2020,22:51:25
Connection,192.168.1.24,A6:DC:5B:42:7A:9D,12/26/2020,22:43:58
Connection,192.168.1.23,56:B1:2E:72:AB:79,12/26/2020,20:38:07
Connection,192.168.1.6,B0:B9:8A:5E:DF:F1,12/26/2020,20:36:25
Connection,192.168.1.15,C0:D2:F3:7E:03:F0,12/26/2020,20:36:25
Connection,192.168.1.15,C0:D2:F3:7E:03:F0,12/26/2020,20:36:23
Connection,192.168.1.34,28:CD:C4:E0:7D:33,12/26/2020,20:14:50
Connection,192.168.1.4,F0:81:73:DA:3F:2F,12/26/2020,19:37:13
Connection,192.168.1.33,CC:46:4E:CB:54:8C,12/26/2020,18:41:40
Connection,192.168.1.6,B0:B9:8A:5E:DF:F1,12/26/2020,16:06:24
Connection,192.168.1.16,0C:96:E6:02:D1:1F,12/26/2020,15:51:37
Connection,192.168.1.34,28:CD:C4:E0:7D:33,12/26/2020,15:33:51
Connection,192.168.1.3,F8:36:9B:81:2E:F3,12/26/2020,14:57:20
Connection,192.168.1.29,A6:E5:CA:F8:7A:DE,12/26/2020,13:23:42
Connection,192.168.1.5,A8:10:87:4F:0B:56,12/26/2020,13:21:13
Connection,192.168.1.10,F8:36:9B:83:36:A2,12/26/2020,13:17:22
Connection,192.168.1.24,A6:DC:5B:42:7A:9D,12/26/2020,13:11:44
Connection,192.168.1.25,E6:BA:77:29:11:D9,12/26/2020,13:10:49
Connection,192.168.1.22,22:4C:A9:A5:88:6A,12/26/2020,13:10:46
Connection,192.168.1.26,1A:B9:BB:0F:2D:1A,12/26/2020,13:06:58
Connection,192.168.1.8,48:BA:4E:A5:90:E4,12/26/2020,12:48:33
Connection,192.168.1.8,48:BA:4E:A5:90:E4,12/26/2020,12:46:59
Connection,192.168.1.8,48:BA:4E:A5:90:E4,12/26/2020,12:45:35
Connection,192.168.1.8,48:BA:4E:A5:90:E4,12/26/2020,12:42:46
Connection,192.168.1.8,48:BA:4E:A5:90:E4,12/26/2020,12:37:09
Connection,192.168.1.8,48:BA:4E:A5:90:E4,12/26/2020,12:25:54
Connection,192.168.1.8,48:BA:4E:A5:90:E4,12/26/2020,12:03:24
Connection,192.168.1.21,52:A5:93:9D:99:D5,12/26/2020,11:35:07
Connection,192.168.1.25,E6:BA:77:29:11:D9,12/26/2020,11:22:01
Connection,192.168.1.8,48:BA:4E:A5:90:E4,12/26/2020,11:18:24
Connection,192.168.1.29,A6:E5:CA:F8:7A:DE,12/26/2020,10:51:00
Connection,192.168.1.16,0C:96:E6:02:D1:1F,12/26/2020,10:08:08
Connection,192.168.1.22,22:4C:A9:A5:88:6A,12/26/2020,10:05:40
Connection,192.168.1.22,22:4C:A9:A5:88:6A,12/26/2020,10:03:44
Connection,192.168.1.24,A6:DC:5B:42:7A:9D,12/26/2020,09:59:22
Connection,192.168.1.24,A6:DC:5B:42:7A:9D,12/26/2020,09:58:53
Connection,192.168.1.24,A6:DC:5B:42:7A:9D,12/26/2020,09:58:51
Connection,192.168.1.24,A6:DC:5B:42:7A:9D,12/26/2020,09:56:45
Connection,192.168.1.26,1A:B9:BB:0F:2D:1A,12/26/2020,09:56:22
Connection,192.168.1.8,48:BA:4E:A5:90:E4,12/26/2020,09:48:25
Connection,192.168.1.8,48:BA:4E:A5:90:E4,12/26/2020,09:47:22
Connection,192.168.1.8,48:BA:4E:A5:90:E4,12/26/2020,09:46:18
Connection,192.168.1.8,48:BA:4E:A5:90:E4,12/26/2020,09:44:12
Connection,192.168.1.8,48:BA:4E:A5:90:E4,12/26/2020,09:39:59
Connection,192.168.1.24,A6:DC:5B:42:7A:9D,12/26/2020,09:27:50
Connection,192.168.1.8,48:BA:4E:A5:90:E4,12/26/2020,09:14:40
Connection,192.168.1.25,E6:BA:77:29:11:D9,12/26/2020,08:44:06
Connection,192.168.1.8,48:BA:4E:A5:90:E4,12/26/2020,08:40:55
Connection,192.168.1.23,56:B1:2E:72:AB:79,12/26/2020,08:38:24
Connection,192.168.1.23,56:B1:2E:72:AB:79,12/26/2020,08:38:23
Connection,192.168.1.23,56:B1:2E:72:AB:79,12/26/2020,08:28:02
Connection,192.168.1.23,56:B1:2E:72:AB:79,12/26/2020,07:57:57
Connection,192.168.1.3,F8:36:9B:81:2E:F3,12/26/2020,07:46:22
Connection,192.168.1.29,A6:E5:CA:F8:7A:DE,12/26/2020,07:45:16
Connection,192.168.1.26,1A:B9:BB:0F:2D:1A,12/26/2020,07:45:13
Connection,192.168.1.31,1E:F7:27:D1:51:CF,12/26/2020,07:44:18
Connection,192.168.1.4,F0:81:73:DA:3F:2F,12/26/2020,07:37:12
Connection,192.168.1.8,48:BA:4E:A5:90:E4,12/26/2020,07:33:26
Connection,192.168.1.16,0C:96:E6:02:D1:1F,12/26/2020,07:28:08
Connection,192.168.1.34,28:CD:C4:E0:7D:33,12/26/2020,07:15:23
Connection,192.168.1.3,F8:36:9B:81:2E:F3,12/26/2020,07:13:30
Connection,192.168.1.23,56:B1:2E:72:AB:79,12/26/2020,07:13:08
Connection,192.168.1.33,CC:46:4E:CB:54:8C,12/26/2020,06:41:40
Connection,192.168.1.3,F8:36:9B:81:2E:F3,12/26/2020,06:28:30
Connection,192.168.1.23,56:B1:2E:72:AB:79,12/26/2020,05:41:40
Connection,192.168.1.23,56:B1:2E:72:AB:79,12/26/2020,05:40:22
Connection,192.168.1.23,56:B1:2E:72:AB:79,12/26/2020,05:39:43
Connection,192.168.1.23,56:B1:2E:72:AB:79,12/26/2020,05:36:27
Connection,192.168.1.23,56:B1:2E:72:AB:79,12/26/2020,05:32:26
Connection,192.168.1.23,56:B1:2E:72:AB:79,12/26/2020,05:24:27
Connection,192.168.1.8,48:BA:4E:A5:90:E4,12/26/2020,05:18:27
Connection,192.168.1.26,1A:B9:BB:0F:2D:1A,12/26/2020,05:12:13
Connection,192.168.1.23,56:B1:2E:72:AB:79,12/26/2020,05:07:49
Connection,192.168.1.29,A6:E5:CA:F8:7A:DE,12/26/2020,04:20:16
Connection,192.168.1.29,A6:E5:CA:F8:7A:DE,12/26/2020,04:19:45
Connection,192.168.1.29,A6:E5:CA:F8:7A:DE,12/26/2020,04:19:18
Connection,192.168.1.29,A6:E5:CA:F8:7A:DE,12/26/2020,04:17:37
Connection,192.168.1.29,A6:E5:CA:F8:7A:DE,12/26/2020,04:15:39
Connection,192.168.1.6,B0:B9:8A:5E:DF:F1,12/26/2020,04:06:24
Connection,192.168.1.6,B0:B9:8A:5E:DF:F1,12/26/2020,04:06:17
Connection,192.168.1.6,B0:B9:8A:5E:DF:F1,12/26/2020,04:06:06
Connection,192.168.1.6,B0:B9:8A:5E:DF:F1,12/26/2020,04:05:45
Connection,192.168.1.6,B0:B9:8A:5E:DF:F1,12/26/2020,04:05:03
Connection,192.168.1.6,B0:B9:8A:5E:DF:F1,12/26/2020,04:03:39
Connection,192.168.1.6,B0:B9:8A:5E:DF:F1,12/26/2020,04:00:50
Connection,192.168.1.6,B0:B9:8A:5E:DF:F1,12/26/2020,03:55:13
Connection,192.168.1.6,B0:B9:8A:5E:DF:F1,12/26/2020,03:43:58
Connection,192.168.1.25,E6:BA:77:29:11:D9,12/26/2020,03:28:58
Connection,192.168.1.23,56:B1:2E:72:AB:79,12/26/2020,03:27:23
Connection,192.168.1.6,B0:B9:8A:5E:DF:F1,12/26/2020,03:21:28
Connection,192.168.1.21,52:A5:93:9D:99:D5,12/26/2020,02:54:37
Connection,192.168.1.6,B0:B9:8A:5E:DF:F1,12/26/2020,02:36:28
Connection,192.168.1.29,A6:E5:CA:F8:7A:DE,12/26/2020,01:43:45
Connection,192.168.1.29,A6:E5:CA:F8:7A:DE,12/26/2020,01:43:44
Connection,192.168.1.29,A6:E5:CA:F8:7A:DE,12/26/2020,01:43:38
Connection,192.168.1.29,A6:E5:CA:F8:7A:DE,12/26/2020,01:43:37
Connection,192.168.1.3,F8:36:9B:81:2E:F3,12/26/2020,01:31:30
Connection,192.168.1.5,A8:10:87:4F:0B:56,12/26/2020,01:21:14
Connection,192.168.1.10,F8:36:9B:83:36:A2,12/26/2020,01:17:24
Connection,192.168.1.10,F8:36:9B:83:36:A2,12/26/2020,01:17:24
Connection,192.168.1.10,F8:36:9B:83:36:A2,12/26/2020,01:17:22
Connection,192.168.1.10,F8:36:9B:83:36:A2,12/26/2020,01:17:21
Connection,192.168.1.23,56:B1:2E:72:AB:79,12/26/2020,01:13:40
Connection,192.168.1.6,B0:B9:8A:5E:DF:F1,12/26/2020,01:06:29
Connection,192.168.1.6,B0:B9:8A:5E:DF:F1,12/26/2020,01:06:20
Connection,192.168.1.6,B0:B9:8A:5E:DF:F1,12/26/2020,01:06:12
Connection,192.168.1.6,B0:B9:8A:5E:DF:F1,12/26/2020,01:05:56
Connection,192.168.1.6,B0:B9:8A:5E:DF:F1,12/26/2020,01:05:24
Connection,192.168.1.6,B0:B9:8A:5E:DF:F1,12/26/2020,01:04:21
Connection,192.168.1.6,B0:B9:8A:5E:DF:F1,12/26/2020,01:02:14
Connection,192.168.1.6,B0:B9:8A:5E:DF:F1,12/26/2020,00:58:01
Connection,192.168.1.8,48:BA:4E:A5:90:E4,12/26/2020,00:48:29
Connection,192.168.1.10,F8:36:9B:83:36:A2,12/26/2020,00:47:47
Connection,192.168.1.29,A6:E5:CA:F8:7A:DE,12/26/2020,00:32:48
Connection,192.168.1.6,B0:B9:8A:5E:DF:F1,12/26/2020,00:32:43
Connection,192.168.1.6,B0:B9:8A:5E:DF:F1,12/25/2020,23:58:58
Connection,192.168.1.29,A6:E5:CA:F8:7A:DE,12/25/2020,23:04:52
Connection,192.168.1.6,B0:B9:8A:5E:DF:F1,12/25/2020,22:51:28
Connection,192.168.1.34,28:CD:C4:E0:7D:33,12/25/2020,21:14:46
Connection,192.168.1.23,56:B1:2E:72:AB:79,12/25/2020,20:40:46
Connection,192.168.1.6,B0:B9:8A:5E:DF:F1,12/25/2020,20:36:28
Connection,192.168.1.15,C0:D2:F3:7E:03:F0,12/25/2020,20:19:10
Connection,192.168.1.4,F0:81:73:DA:3F:2F,12/25/2020,19:37:12
Connection,192.168.1.33,CC:46:4E:CB:54:8C,12/25/2020,18:41:39
Connection,192.168.1.26,1A:B9:BB:0F:2D:1A,12/25/2020,17:12:01
Connection,192.168.1.25,E6:BA:77:29:11:D9,12/25/2020,16:58:59
Connection,192.168.1.25,E6:BA:77:29:11:D9,12/25/2020,16:56:57
Connection,192.168.1.6,B0:B9:8A:5E:DF:F1,12/25/2020,16:06:28
Connection,192.168.1.16,0C:96:E6:02:D1:1F,12/25/2020,15:28:42
Connection,192.168.1.21,52:A5:93:9D:99:D5,12/25/2020,14:53:31
Connection,192.168.1.3,F8:36:9B:81:2E:F3,12/25/2020,13:31:28
Connection,192.168.1.5,A8:10:87:4F:0B:56,12/25/2020,13:21:14
Connection,192.168.1.16,0C:96:E6:02:D1:1F,12/25/2020,12:56:10
Connection,192.168.1.8,48:BA:4E:A5:90:E4,12/25/2020,12:48:32
Connection,192.168.1.8,48:BA:4E:A5:90:E4,12/25/2020,12:46:59
Connection,192.168.1.8,48:BA:4E:A5:90:E4,12/25/2020,12:45:34
Connection,192.168.1.8,48:BA:4E:A5:90:E4,12/25/2020,12:42:46
Connection,192.168.1.8,48:BA:4E:A5:90:E4,12/25/2020,12:37:08
Connection,192.168.1.8,48:BA:4E:A5:90:E4,12/25/2020,12:25:53
Connection,192.168.1.8,48:BA:4E:A5:90:E4,12/25/2020,12:03:23
Connection,192.168.1.8,48:BA:4E:A5:90:E4,12/25/2020,11:18:24
Connection,192.168.1.29,A6:E5:CA:F8:7A:DE,12/25/2020,10:59:44
Connection,192.168.1.3,F8:36:9B:81:2E:F3,12/25/2020,10:55:04
Connection,192.168.1.8,48:BA:4E:A5:90:E4,12/25/2020,09:48:24
Connection,192.168.1.8,48:BA:4E:A5:90:E4,12/25/2020,09:47:21
Connection,192.168.1.8,48:BA:4E:A5:90:E4,12/25/2020,09:46:18
Connection,192.168.1.8,48:BA:4E:A5:90:E4,12/25/2020,09:44:11
Connection,192.168.1.8,48:BA:4E:A5:90:E4,12/25/2020,09:39:58
Connection,192.168.1.8,48:BA:4E:A5:90:E4,12/25/2020,09:31:32
Connection,192.168.1.34,28:CD:C4:E0:7D:33,12/25/2020,09:23:44
Connection,192.168.1.8,48:BA:4E:A5:90:E4,12/25/2020,09:14:39
Connection,192.168.1.8,48:BA:4E:A5:90:E4,12/25/2020,08:40:55
Connection,192.168.1.23,56:B1:2E:72:AB:79,12/25/2020,08:40:43
Connection,192.168.1.23,56:B1:2E:72:AB:79,12/25/2020,08:26:23
Connection,192.168.1.34,28:CD:C4:E0:7D:33,12/25/2020,08:04:02
Connection,192.168.1.23,56:B1:2E:72:AB:79,12/25/2020,07:56:58
Connection,192.168.1.4,F0:81:73:DA:3F:2F,12/25/2020,07:37:11
Connection,192.168.1.8,48:BA:4E:A5:90:E4,12/25/2020,07:33:25
Connection,192.168.1.16,0C:96:E6:02:D1:1F,12/25/2020,07:30:33
Connection,192.168.1.23,56:B1:2E:72:AB:79,12/25/2020,07:10:40
Connection,192.168.1.33,CC:46:4E:CB:54:8C,12/25/2020,06:41:39
Connection,192.168.1.3,F8:36:9B:81:2E:F3,12/25/2020,06:38:23
Connection,192.168.1.23,56:B1:2E:72:AB:79,12/25/2020,05:38:28
Connection,192.168.1.23,56:B1:2E:72:AB:79,12/25/2020,05:32:53
Connection,192.168.1.23,56:B1:2E:72:AB:79,12/25/2020,05:25:44
Connection,192.168.1.21,52:A5:93:9D:99:D5,12/25/2020,05:24:30
Connection,192.168.1.8,48:BA:4E:A5:90:E4,12/25/2020,05:18:26
Connection,192.168.1.23,56:B1:2E:72:AB:79,12/25/2020,05:10:12
Connection,192.168.1.26,1A:B9:BB:0F:2D:1A,12/25/2020,05:06:23
Connection,192.168.1.25,E6:BA:77:29:11:D9,12/25/2020,04:41:45
Connection,192.168.1.25,E6:BA:77:29:11:D9,12/25/2020,04:37:59
Connection,192.168.1.25,E6:BA:77:29:11:D9,12/25/2020,04:37:58
Connection,192.168.1.23,56:B1:2E:72:AB:79,12/25/2020,04:35:57
Connection,192.168.1.25,E6:BA:77:29:11:D9,12/25/2020,04:31:00
Connection,192.168.1.25,E6:BA:77:29:11:D9,12/25/2020,04:30:58
Connection,192.168.1.6,B0:B9:8A:5E:DF:F1,12/25/2020,04:06:27
Connection,192.168.1.6,B0:B9:8A:5E:DF:F1,12/25/2020,04:06:20
Connection,192.168.1.6,B0:B9:8A:5E:DF:F1,12/25/2020,04:06:09
Connection,192.168.1.6,B0:B9:8A:5E:DF:F1,12/25/2020,04:05:48
Connection,192.168.1.6,B0:B9:8A:5E:DF:F1,12/25/2020,04:05:07
Connection,192.168.1.6,B0:B9:8A:5E:DF:F1,12/25/2020,04:03:43
Connection,192.168.1.6,B0:B9:8A:5E:DF:F1,12/25/2020,04:00:53
Connection,192.168.1.29,A6:E5:CA:F8:7A:DE,12/25/2020,03:58:59
Connection,192.168.1.6,B0:B9:8A:5E:DF:F1,12/25/2020,03:55:16
Connection,192.168.1.6,B0:B9:8A:5E:DF:F1,12/25/2020,03:44:01
Connection,192.168.1.23,56:B1:2E:72:AB:79,12/25/2020,03:25:22
Connection,192.168.1.6,B0:B9:8A:5E:DF:F1,12/25/2020,03:21:32
Connection,192.168.1.6,B0:B9:8A:5E:DF:F1,12/25/2020,02:36:32
Connection,192.168.1.5,A8:10:87:4F:0B:56,12/25/2020,01:21:15
Connection,192.168.1.3,F8:36:9B:81:2E:F3,12/25/2020,01:20:35
Connection,192.168.1.23,56:B1:2E:72:AB:79,12/25/2020,01:09:41
Connection,192.168.1.6,B0:B9:8A:5E:DF:F1,12/25/2020,01:06:31
Connection,192.168.1.6,B0:B9:8A:5E:DF:F1,12/25/2020,01:06:23
Connection,192.168.1.6,B0:B9:8A:5E:DF:F1,12/25/2020,01:06:15
Connection,192.168.1.6,B0:B9:8A:5E:DF:F1,12/25/2020,01:05:59
Connection,192.168.1.6,B0:B9:8A:5E:DF:F1,12/25/2020,01:04:24
Connection,192.168.1.6,B0:B9:8A:5E:DF:F1,12/25/2020,01:02:17
Connection,192.168.1.6,B0:B9:8A:5E:DF:F1,12/25/2020,00:58:04
Connection,192.168.1.6,B0:B9:8A:5E:DF:F1,12/25/2020,00:49:38
Connection,192.168.1.8,48:BA:4E:A5:90:E4,12/25/2020,00:48:28
Connection,192.168.1.10,F8:36:9B:83:36:A2,12/25/2020,00:47:48
Connection,192.168.1.10,F8:36:9B:83:36:A2,12/25/2020,00:47:48
Connection,192.168.1.10,F8:36:9B:83:36:A2,12/25/2020,00:47:46
Connection,192.168.1.10,F8:36:9B:83:36:A2,12/25/2020,00:47:44
Connection,192.168.1.6,B0:B9:8A:5E:DF:F1,12/25/2020,00:32:46
Connection,192.168.1.6,B0:B9:8A:5E:DF:F1,12/24/2020,23:59:02
Connection,192.168.1.6,B0:B9:8A:5E:DF:F1,12/24/2020,22:51:32
Connection,192.168.1.29,A6:E5:CA:F8:7A:DE,12/24/2020,22:50:07
Connection,192.168.1.34,28:CD:C4:E0:7D:33,12/24/2020,21:24:37
Connection,192.168.1.25,E6:BA:77:29:11:D9,12/24/2020,21:10:57
Connection,192.168.1.30,1E:DC:DC:43:96:2B,12/24/2020,20:55:00
Connection,192.168.1.23,56:B1:2E:72:AB:79,12/24/2020,20:40:05
Connection,192.168.1.6,B0:B9:8A:5E:DF:F1,12/24/2020,20:36:32
Connection,192.168.1.15,C0:D2:F3:7E:03:F0,12/24/2020,20:20:06
Connection,192.168.1.34,28:CD:C4:E0:7D:33,12/24/2020,19:44:05
Connection,192.168.1.4,F0:81:73:DA:3F:2F,12/24/2020,19:37:11
Connection,192.168.1.34,28:CD:C4:E0:7D:33,12/24/2020,18:58:50
Connection,192.168.1.33,CC:46:4E:CB:54:8C,12/24/2020,18:41:39
Connection,192.168.1.21,52:A5:93:9D:99:D5,12/24/2020,17:23:52
Connection,192.168.1.29,A6:E5:CA:F8:7A:DE,12/20/2020,00:58:26
Connection,192.168.1.6,B0:B9:8A:5E:DF:F1,12/20/2020,00:58:20
Connection,192.168.1.29,A6:E5:CA:F8:7A:DE,12/20/2020,00:56:36
Connection,192.168.1.29,A6:E5:CA:F8:7A:DE,12/20/2020,00:50:26
Connection,192.168.1.29,A6:E5:CA:F8:7A:DE,12/20/2020,00:50:13
Connection,192.168.1.6,B0:B9:8A:5E:DF:F1,12/20/2020,00:49:54
Connection,192.168.1.8,48:BA:4E:A5:90:E4,12/20/2020,00:48:43
Connection,192.168.1.6,B0:B9:8A:5E:DF:F1,12/20/2020,00:33:03
Connection,192.168.1.6,B0:B9:8A:5E:DF:F1,12/19/2020,23:59:18
Connection,192.168.1.10,F8:36:9B:83:36:A2,12/19/2020,23:25:29
Connection,192.168.1.10,F8:36:9B:83:36:A2,12/19/2020,23:25:29
Connection,192.168.1.10,F8:36:9B:83:36:A2,12/19/2020,23:25:27
Connection,192.168.1.10,F8:36:9B:83:36:A2,12/19/2020,23:25:14
Connection,192.168.1.10,F8:36:9B:83:36:A2,12/19/2020,23:19:10
Connection,192.168.1.6,B0:B9:8A:5E:DF:F1,12/19/2020,22:51:47
Connection,192.168.1.5,A8:10:87:4F:0B:56,12/19/2020,22:32:12
Connection,192.168.1.16,0C:96:E6:02:D1:1F,12/19/2020,21:44:38
Connection,192.168.1.34,28:CD:C4:E0:7D:33,12/19/2020,20:52:24
Connection,192.168.1.6,B0:B9:8A:5E:DF:F1,12/19/2020,20:36:48
Connection,192.168.1.15,C0:D2:F3:7E:03:F0,12/19/2020,20:31:16
Connection,192.168.1.15,C0:D2:F3:7E:03:F0,12/19/2020,20:30:16
Connection,192.168.1.15,C0:D2:F3:7E:03:F0,12/19/2020,20:30:13
Connection,192.168.1.4,F0:81:73:DA:3F:2F,12/19/2020,19:37:05
Connection,192.168.1.3,F8:36:9B:81:2E:F3,12/19/2020,18:42:42
Connection,192.168.1.33,CC:46:4E:CB:54:8C,12/19/2020,18:41:31
Connection,192.168.1.25,E6:BA:77:29:11:D9,12/19/2020,17:27:05
Connection,192.168.1.29,A6:E5:CA:F8:7A:DE,12/19/2020,17:16:43
Connection,192.168.1.26,1A:B9:BB:0F:2D:1A,12/19/2020,17:16:39
Connection,192.168.1.19,7A:20:FB:29:36:ED,12/19/2020,17:15:33
Connection,192.168.1.34,28:CD:C4:E0:7D:33,12/19/2020,16:14:05
Connection,192.168.1.16,0C:96:E6:02:D1:1F,12/19/2020,16:11:46
Connection,192.168.1.34,28:CD:C4:E0:7D:33,12/19/2020,16:09:56
Connection,192.168.1.25,E6:BA:77:29:11:D9,12/19/2020,16:08:20
Connection,192.168.1.25,E6:BA:77:29:11:D9,12/19/2020,16:06:48
Connection,192.168.1.24,A6:DC:5B:42:7A:9D,12/19/2020,16:06:47
Connection,192.168.1.6,B0:B9:8A:5E:DF:F1,12/19/2020,16:06:47
Connection,192.168.1.24,A6:DC:5B:42:7A:9D,12/19/2020,16:06:46
Connection,192.168.1.25,E6:BA:77:29:11:D9,12/19/2020,16:06:46
Connection,192.168.1.16,0C:96:E6:02:D1:1F,12/19/2020,14:58:39
Connection,192.168.1.34,28:CD:C4:E0:7D:33,12/19/2020,14:49:53
Connection,192.168.1.23,56:B1:2E:72:AB:79,12/19/2020,14:07:58
Connection,192.168.1.23,56:B1:2E:72:AB:79,12/19/2020,14:07:56
Connection,192.168.1.23,56:B1:2E:72:AB:79,12/19/2020,14:03:26
Connection,192.168.1.23,56:B1:2E:72:AB:79,12/19/2020,14:03:24
Connection,192.168.1.23,56:B1:2E:72:AB:79,12/19/2020,14:03:22
Connection,192.168.1.23,56:B1:2E:72:AB:79,12/19/2020,13:54:59
Connection,192.168.1.34,28:CD:C4:E0:7D:33,12/19/2020,13:47:26
Connection,192.168.1.25,E6:BA:77:29:11:D9,12/19/2020,13:46:51
Connection,192.168.1.25,E6:BA:77:29:11:D9,12/19/2020,13:39:03
Connection,192.168.1.25,E6:BA:77:29:11:D9,12/19/2020,13:39:00
Connection,192.168.1.25,E6:BA:77:29:11:D9,12/19/2020,13:38:59
Connection,192.168.1.23,56:B1:2E:72:AB:79,12/19/2020,13:31:32
Connection,192.168.1.30,1E:DC:DC:43:96:2B,12/19/2020,13:21:28
Connection,192.168.1.25,E6:BA:77:29:11:D9,12/19/2020,13:17:38
Connection,192.168.1.25,E6:BA:77:29:11:D9,12/19/2020,13:16:36
Connection,192.168.1.25,E6:BA:77:29:11:D9,12/19/2020,13:16:34
Connection,192.168.1.25,E6:BA:77:29:11:D9,12/19/2020,13:16:33
Connection,192.168.1.24,A6:DC:5B:42:7A:9D,12/19/2020,13:10:30
Connection,192.168.1.26,1A:B9:BB:0F:2D:1A,12/19/2020,13:09:31
Connection,192.168.1.8,48:BA:4E:A5:90:E4,12/19/2020,12:48:47
Connection,192.168.1.8,48:BA:4E:A5:90:E4,12/19/2020,12:47:15
Connection,192.168.1.8,48:BA:4E:A5:90:E4,12/19/2020,12:45:51
Connection,192.168.1.23,56:B1:2E:72:AB:79,12/19/2020,12:43:28
Connection,192.168.1.8,48:BA:4E:A5:90:E4,12/19/2020,12:43:02
Connection,192.168.1.8,48:BA:4E:A5:90:E4,12/19/2020,12:37:24
Connection,192.168.1.8,48:BA:4E:A5:90:E4,12/19/2020,12:26:09
Connection,192.168.1.8,48:BA:4E:A5:90:E4,12/19/2020,12:03:39
Connection,192.168.1.10,F8:36:9B:83:36:A2,12/19/2020,11:19:12
Connection,192.168.1.8,48:BA:4E:A5:90:E4,12/19/2020,11:18:39
Connection,192.168.1.23,56:B1:2E:72:AB:79,12/19/2020,11:15:06
Connection,192.168.1.34,28:CD:C4:E0:7D:33,12/19/2020,11:14:43
Connection,192.168.1.23,56:B1:2E:72:AB:79,12/19/2020,10:59:48
Connection,192.168.1.29,A6:E5:CA:F8:7A:DE,12/19/2020,10:46:38
Connection,192.168.1.26,1A:B9:BB:0F:2D:1A,12/19/2020,10:42:40
Connection,192.168.1.25,E6:BA:77:29:11:D9,12/19/2020,10:42:30
Connection,192.168.1.24,A6:DC:5B:42:7A:9D,12/19/2020,10:42:29
Connection,192.168.1.24,A6:DC:5B:42:7A:9D,12/19/2020,10:41:16
Connection,192.168.1.5,A8:10:87:4F:0B:56,12/19/2020,10:32:11
Connection,192.168.1.23,56:B1:2E:72:AB:79,12/19/2020,10:06:47
Connection,192.168.1.8,48:BA:4E:A5:90:E4,12/19/2020,09:48:38
Connection,192.168.1.8,48:BA:4E:A5:90:E4,12/19/2020,09:47:35
Connection,192.168.1.8,48:BA:4E:A5:90:E4,12/19/2020,09:46:32
Connection,192.168.1.8,48:BA:4E:A5:90:E4,12/19/2020,09:44:25
Connection,192.168.1.8,48:BA:4E:A5:90:E4,12/19/2020,09:40:12
Connection,192.168.1.8,48:BA:4E:A5:90:E4,12/19/2020,09:31:46
Connection,192.168.1.8,48:BA:4E:A5:90:E4,12/19/2020,09:14:53
Connection,192.168.1.23,56:B1:2E:72:AB:79,12/19/2020,08:57:43
Connection,192.168.1.5,A8:10:87:4F:0B:56,12/19/2020,08:41:23
Connection,192.168.1.8,48:BA:4E:A5:90:E4,12/19/2020,08:41:08
Connection,192.168.1.4,F0:81:73:DA:3F:2F,12/19/2020,07:37:04
Connection,192.168.1.8,48:BA:4E:A5:90:E4,12/19/2020,07:33:38
Connection,192.168.1.16,0C:96:E6:02:D1:1F,12/19/2020,07:29:37
Connection,192.168.1.34,28:CD:C4:E0:7D:33,12/19/2020,07:04:17
Connection,192.168.1.25,E6:BA:77:29:11:D9,12/19/2020,06:58:51
Connection,192.168.1.24,A6:DC:5B:42:7A:9D,12/19/2020,06:58:48
Connection,192.168.1.24,A6:DC:5B:42:7A:9D,12/19/2020,06:58:39
Connection,192.168.1.3,F8:36:9B:81:2E:F3,12/19/2020,06:42:41
Connection,192.168.1.33,CC:46:4E:CB:54:8C,12/19/2020,06:41:30
Connection,192.168.1.21,52:A5:93:9D:99:D5,12/19/2020,06:40:31
Connection,192.168.1.23,56:B1:2E:72:AB:79,12/19/2020,06:25:12
Connection,192.168.1.25,E6:BA:77:29:11:D9,12/19/2020,05:26:17
Connection,192.168.1.25,E6:BA:77:29:11:D9,12/19/2020,05:25:06
Connection,192.168.1.25,E6:BA:77:29:11:D9,12/19/2020,05:25:04
Connection,192.168.1.25,E6:BA:77:29:11:D9,12/19/2020,05:22:26
Connection,192.168.1.8,48:BA:4E:A5:90:E4,12/19/2020,05:18:38
Connection,192.168.1.26,1A:B9:BB:0F:2D:1A,12/19/2020,04:22:11
Connection,192.168.1.26,1A:B9:BB:0F:2D:1A,12/19/2020,04:22:11
Connection,192.168.1.6,B0:B9:8A:5E:DF:F1,12/19/2020,04:06:46
Connection,192.168.1.6,B0:B9:8A:5E:DF:F1,12/19/2020,04:06:39
Connection,192.168.1.6,B0:B9:8A:5E:DF:F1,12/19/2020,04:06:28
Connection,192.168.1.6,B0:B9:8A:5E:DF:F1,12/19/2020,04:06:06
Connection,192.168.1.6,B0:B9:8A:5E:DF:F1,12/19/2020,04:05:24
Connection,192.168.1.6,B0:B9:8A:5E:DF:F1,12/19/2020,04:04:00
Connection,192.168.1.6,B0:B9:8A:5E:DF:F1,12/19/2020,04:01:11
Connection,192.168.1.6,B0:B9:8A:5E:DF:F1,12/19/2020,03:55:35
Connection,192.168.1.6,B0:B9:8A:5E:DF:F1,12/19/2020,03:44:20
Connection,192.168.1.6,B0:B9:8A:5E:DF:F1,12/19/2020,03:21:49
Connection,192.168.1.29,A6:E5:CA:F8:7A:DE,12/19/2020,02:49:22
Connection,192.168.1.29,A6:E5:CA:F8:7A:DE,12/19/2020,02:44:41
Connection,192.168.1.6,B0:B9:8A:5E:DF:F1,12/19/2020,02:36:49
Connection,192.168.1.29,A6:E5:CA:F8:7A:DE,12/19/2020,02:32:07
Connection,192.168.1.29,A6:E5:CA:F8:7A:DE,12/19/2020,02:21:58
Connection,192.168.1.29,A6:E5:CA:F8:7A:DE,12/19/2020,02:21:48
Connection,192.168.1.29,A6:E5:CA:F8:7A:DE,12/19/2020,02:20:22
Connection,192.168.1.29,A6:E5:CA:F8:7A:DE,12/19/2020,02:17:49
Connection,192.168.1.29,A6:E5:CA:F8:7A:DE,12/19/2020,02:17:01
Connection,192.168.1.29,A6:E5:CA:F8:7A:DE,12/19/2020,02:16:17
Connection,192.168.1.29,A6:E5:CA:F8:7A:DE,12/19/2020,02:16:15
Connection,192.168.1.29,A6:E5:CA:F8:7A:DE,12/19/2020,02:16:14
Connection,192.168.1.29,A6:E5:CA:F8:7A:DE,12/19/2020,02:15:26
Connection,192.168.1.29,A6:E5:CA:F8:7A:DE,12/19/2020,02:15:21
Connection,192.168.1.29,A6:E5:CA:F8:7A:DE,12/19/2020,02:15:19
Connection,192.168.1.29,A6:E5:CA:F8:7A:DE,12/19/2020,02:14:10
Connection,192.168.1.29,A6:E5:CA:F8:7A:DE,12/19/2020,02:14:03
Connection,192.168.1.29,A6:E5:CA:F8:7A:DE,12/19/2020,02:13:33
Connection,192.168.1.23,56:B1:2E:72:AB:79,12/19/2020,01:53:24
Connection,192.168.1.6,B0:B9:8A:5E:DF:F1,12/19/2020,01:06:49
Connection,192.168.1.6,B0:B9:8A:5E:DF:F1,12/19/2020,01:06:41
Connection,192.168.1.6,B0:B9:8A:5E:DF:F1,12/19/2020,01:06:33
Connection,192.168.1.6,B0:B9:8A:5E:DF:F1,12/19/2020,01:06:17
Connection,192.168.1.6,B0:B9:8A:5E:DF:F1,12/19/2020,01:05:45
Connection,192.168.1.6,B0:B9:8A:5E:DF:F1,12/19/2020,01:04:42
Connection,192.168.1.6,B0:B9:8A:5E:DF:F1,12/19/2020,01:02:36
Connection,192.168.1.6,B0:B9:8A:5E:DF:F1,12/19/2020,00:58:23
Connection,192.168.1.6,B0:B9:8A:5E:DF:F1,12/19/2020,00:49:57
Connection,192.168.1.8,48:BA:4E:A5:90:E4,12/19/2020,00:48:38
Connection,192.168.1.6,B0:B9:8A:5E:DF:F1,12/19/2020,00:33:04
Connection,192.168.1.6,B0:B9:8A:5E:DF:F1,12/18/2020,23:59:19
Connection,192.168.1.10,F8:36:9B:83:36:A2,12/18/2020,23:19:13
Connection,192.168.1.10,F8:36:9B:83:36:A2,12/18/2020,23:19:13
Connection,192.168.1.10,F8:36:9B:83:36:A2,12/18/2020,23:19:11
Connection,192.168.1.10,F8:36:9B:83:36:A2,12/18/2020,23:18:52
Connection,192.168.1.6,B0:B9:8A:5E:DF:F1,12/18/2020,22:51:49
Connection,192.168.1.5,A8:10:87:4F:0B:56,12/18/2020,20:41:24
Connection,192.168.1.6,B0:B9:8A:5E:DF:F1,12/18/2020,20:36:49
Connection,192.168.1.15,C0:D2:F3:7E:03:F0,12/18/2020,20:12:59
Connection,192.168.1.15,C0:D2:F3:7E:03:F0,12/18/2020,20:11:58
Connection,192.168.1.15,C0:D2:F3:7E:03:F0,12/18/2020,20:11:56
Connection,192.168.1.4,F0:81:73:DA:3F:2F,12/18/2020,19:37:04
Connection,192.168.1.25,E6:BA:77:29:11:D9,12/18/2020,19:27:35
Connection,192.168.1.25,E6:BA:77:29:11:D9,12/18/2020,19:25:47
Connection,192.168.1.25,E6:BA:77:29:11:D9,12/18/2020,19:25:45
Connection,192.168.1.25,E6:BA:77:29:11:D9,12/18/2020,19:25:44
Connection,192.168.1.34,28:CD:C4:E0:7D:33,12/18/2020,19:04:18
Connection,192.168.1.3,F8:36:9B:81:2E:F3,12/18/2020,18:42:42
Connection,192.168.1.33,CC:46:4E:CB:54:8C,12/18/2020,18:41:30
Connection,192.168.1.21,52:A5:93:9D:99:D5,12/18/2020,18:40:32
Connection,192.168.1.7,18:56:80:6C:52:5A,12/18/2020,18:32:54
Connection,192.168.1.7,18:56:80:6C:52:5A,12/18/2020,18:20:57
Connection,192.168.1.25,E6:BA:77:29:11:D9,12/18/2020,16:26:32
Connection,192.168.1.29,A6:E5:CA:F8:7A:DE,12/18/2020,16:23:50
Connection,192.168.1.26,1A:B9:BB:0F:2D:1A,12/18/2020,16:22:38
Connection,192.168.1.24,A6:DC:5B:42:7A:9D,12/18/2020,16:22:04
Connection,192.168.1.6,B0:B9:8A:5E:DF:F1,12/18/2020,16:06:50
Connection,192.168.1.24,A6:DC:5B:42:7A:9D,12/18/2020,15:39:43
Connection,192.168.1.7,18:56:80:6C:52:5A,12/18/2020,15:35:18
Connection,192.168.1.7,18:56:80:6C:52:5A,12/18/2020,15:35:16
Connection,192.168.1.7,18:56:80:6C:52:5A,12/18/2020,15:35:15
Connection,192.168.1.7,18:56:80:6C:52:5A,12/18/2020,15:33:51
Connection,192.168.1.7,18:56:80:6C:52:5A,12/18/2020,15:33:50
Connection,192.168.1.7,18:56:80:6C:52:5A,12/18/2020,15:33:50
Connection,192.168.1.7,18:56:80:6C:52:5A,12/18/2020,15:32:41
Connection,192.168.1.7,18:56:80:6C:52:5A,12/18/2020,15:32:40
Connection,192.168.1.7,18:56:80:6C:52:5A,12/18/2020,15:32:39
Connection,192.168.1.7,18:56:80:6C:52:5A,12/18/2020,15:31:58
Connection,192.168.1.7,18:56:80:6C:52:5A,12/18/2020,15:30:43
Connection,192.168.1.7,18:56:80:6C:52:5A,12/18/2020,15:29:42
Connection,192.168.1.7,18:56:80:6C:52:5A,12/18/2020,15:27:40
Connection,192.168.1.7,18:56:80:6C:52:5A,12/18/2020,15:26:40
Connection,192.168.1.7,18:56:80:6C:52:5A,12/18/2020,15:26:39
Connection,192.168.1.7,18:56:80:6C:52:5A,12/18/2020,15:25:47
Connection,192.168.1.7,18:56:80:6C:52:5A,12/18/2020,15:25:46
Connection,192.168.1.7,18:56:80:6C:52:5A,12/18/2020,15:25:45
Connection,192.168.1.7,18:56:80:6C:52:5A,12/18/2020,15:20:16
Connection,192.168.1.7,18:56:80:6C:52:5A,12/18/2020,15:20:15
Connection,192.168.1.7,18:56:80:6C:52:5A,12/18/2020,15:20:14
Connection,192.168.1.7,18:56:80:6C:52:5A,12/18/2020,15:18:55
Connection,192.168.1.7,18:56:80:6C:52:5A,12/18/2020,15:18:54
Connection,192.168.1.7,18:56:80:6C:52:5A,12/18/2020,14:31:38
Connection,192.168.1.7,18:56:80:6C:52:5A,12/18/2020,14:04:56
Connection,192.168.1.7,18:56:80:6C:52:5A,12/18/2020,14:02:50
Connection,192.168.1.7,18:56:80:6C:52:5A,12/18/2020,13:54:49
Connection,192.168.1.23,56:B1:2E:72:AB:79,12/18/2020,13:53:02
Connection,192.168.1.7,18:56:80:6C:52:5A,12/18/2020,13:51:25
Connection,192.168.1.7,18:56:80:6C:52:5A,12/18/2020,13:50:27
Connection,192.168.1.23,56:B1:2E:72:AB:79,12/18/2020,13:44:24
Connection,192.168.1.7,18:56:80:6C:52:5A,12/18/2020,13:44:15
Connection,192.168.1.7,18:56:80:6C:52:5A,12/18/2020,13:44:14
Connection,192.168.1.24,A6:DC:5B:42:7A:9D,12/18/2020,13:43:52
Connection,192.168.1.7,18:56:80:6C:52:5A,12/18/2020,13:40:11
Connection,192.168.1.7,18:56:80:6C:52:5A,12/18/2020,13:37:05
Connection,192.168.1.7,18:56:80:6C:52:5A,12/18/2020,13:35:27
Connection,192.168.1.7,18:56:80:6C:52:5A,12/18/2020,13:35:26
Connection,192.168.1.7,18:56:80:6C:52:5A,12/18/2020,13:35:24
Connection,192.168.1.7,18:56:80:6C:52:5A,12/18/2020,13:34:13
Connection,192.168.1.7,18:56:80:6C:52:5A,12/18/2020,13:28:56
Connection,192.168.1.7,18:56:80:6C:52:5A,12/18/2020,13:27:27
Connection,192.168.1.7,18:56:80:6C:52:5A,12/18/2020,13:26:13
Connection,192.168.1.7,18:56:80:6C:52:5A,12/18/2020,13:25:38
Connection,192.168.1.7,18:56:80:6C:52:5A,12/18/2020,13:23:13
Connection,192.168.1.7,18:56:80:6C:52:5A,12/18/2020,13:23:12
Connection,192.168.1.7,18:56:80:6C:52:5A,12/18/2020,13:20:07
Connection,192.168.1.7,18:56:80:6C:52:5A,12/18/2020,13:20:06
Connection,192.168.1.7,18:56:80:6C:52:5A,12/18/2020,13:20:05
Connection,192.168.1.7,18:56:80:6C:52:5A,12/18/2020,13:18:43
Connection,192.168.1.7,18:56:80:6C:52:5A,12/18/2020,13:17:34
Connection,192.168.1.7,18:56:80:6C:52:5A,12/18/2020,13:17:32
Connection,192.168.1.7,18:56:80:6C:52:5A,12/18/2020,13:17:31
Connection,192.168.1.7,18:56:80:6C:52:5A,12/18/2020,13:17:30
Connection,192.168.1.7,18:56:80:6C:52:5A,12/18/2020,13:16:53
Connection,192.168.1.7,18:56:80:6C:52:5A,12/18/2020,13:13:17
Connection,192.168.1.23,56:B1:2E:72:AB:79,12/18/2020,13:13:00
Connection,192.168.1.7,18:56:80:6C:52:5A,12/18/2020,13:12:02
Connection,192.168.1.7,18:56:80:6C:52:5A,12/18/2020,13:11:23
Connection,192.168.1.7,18:56:80:6C:52:5A,12/18/2020,13:09:16
Connection,192.168.1.7,18:56:80:6C:52:5A,12/18/2020,13:08:54
Connection,192.168.1.6,B0:B9:8A:5E:DF:F1,12/13/2020,00:58:41
Connection,192.168.1.6,B0:B9:8A:5E:DF:F1,12/13/2020,00:50:15
Connection,192.168.1.8,48:BA:4E:A5:90:E4,12/13/2020,00:48:06
Connection,192.168.1.6,B0:B9:8A:5E:DF:F1,12/13/2020,00:33:24
Connection,192.168.1.10,F8:36:9B:83:36:A2,12/13/2020,00:03:02
Connection,192.168.1.6,B0:B9:8A:5E:DF:F1,12/12/2020,23:59:39
Connection,192.168.1.26,1A:B9:BB:0F:2D:1A,12/12/2020,23:58:15
Connection,192.168.1.21,52:A5:93:9D:99:D5,12/12/2020,23:36:42
Connection,192.168.1.5,A8:10:87:4F:0B:56,12/12/2020,23:14:02
Connection,192.168.1.29,A6:E5:CA:F8:7A:DE,12/12/2020,22:58:47
Connection,192.168.1.29,A6:E5:CA:F8:7A:DE,12/12/2020,22:53:35
Connection,192.168.1.3,F8:36:9B:81:2E:F3,12/12/2020,22:52:48
Connection,192.168.1.6,B0:B9:8A:5E:DF:F1,12/12/2020,22:52:09
Connection,192.168.1.15,C0:D2:F3:7E:03:F0,12/12/2020,21:14:11
Connection,192.168.1.15,C0:D2:F3:7E:03:F0,12/12/2020,21:13:10
Connection,192.168.1.15,C0:D2:F3:7E:03:F0,12/12/2020,21:13:08
Connection,192.168.1.23,56:B1:2E:72:AB:79,12/12/2020,21:04:00
Connection,192.168.1.7,18:56:80:6C:52:5A,12/12/2020,20:46:21
Connection,192.168.1.22,22:4C:A9:A5:88:6A,12/12/2020,20:44:05
Connection,192.168.1.22,22:4C:A9:A5:88:6A,12/12/2020,20:41:59
Connection,192.168.1.22,22:4C:A9:A5:88:6A,12/12/2020,20:41:53
Connection,192.168.1.22,22:4C:A9:A5:88:6A,12/12/2020,20:41:52
Connection,192.168.1.6,B0:B9:8A:5E:DF:F1,12/12/2020,20:37:09
Connection,192.168.1.34,28:CD:C4:E0:7D:33,12/12/2020,19:55:30
Connection,192.168.1.25,E6:BA:77:29:11:D9,12/12/2020,18:57:39
Connection,192.168.1.33,CC:46:4E:CB:54:8C,12/12/2020,18:41:02
Connection,192.168.1.21,52:A5:93:9D:99:D5,12/12/2020,17:01:46
Connection,192.168.1.6,B0:B9:8A:5E:DF:F1,12/12/2020,16:07:08
Connection,192.168.1.30,1E:DC:DC:43:96:2B,12/12/2020,13:20:13
Connection,192.168.1.4,F0:81:73:DA:3F:2F,12/12/2020,13:00:06
Connection,192.168.1.8,48:BA:4E:A5:90:E4,12/12/2020,12:48:05
Connection,192.168.1.8,48:BA:4E:A5:90:E4,12/12/2020,12:46:36
Connection,192.168.1.8,48:BA:4E:A5:90:E4,12/12/2020,12:45:11
Connection,192.168.1.8,48:BA:4E:A5:90:E4,12/12/2020,12:42:23
Connection,192.168.1.8,48:BA:4E:A5:90:E4,12/12/2020,12:36:45
Connection,192.168.1.29,A6:E5:CA:F8:7A:DE,12/12/2020,12:33:57
Connection,192.168.1.25,E6:BA:77:29:11:D9,12/12/2020,12:18:56
Connection,192.168.1.34,28:CD:C4:E0:7D:33,12/12/2020,12:12:44
Connection,192.168.1.10,F8:36:9B:83:36:A2,12/12/2020,12:03:03
Connection,192.168.1.10,F8:36:9B:83:36:A2,12/12/2020,12:03:03
Connection,192.168.1.10,F8:36:9B:83:36:A2,12/12/2020,12:03:01
Connection,192.168.1.10,F8:36:9B:83:36:A2,12/12/2020,12:03:00
Connection,192.168.1.8,48:BA:4E:A5:90:E4,12/12/2020,12:02:59
Connection,192.168.1.10,F8:36:9B:83:36:A2,12/12/2020,12:02:45
Connection,192.168.1.10,F8:36:9B:83:36:A2,12/12/2020,12:02:44
Connection,192.168.1.10,F8:36:9B:83:36:A2,12/12/2020,12:02:40
Connection,192.168.1.21,52:A5:93:9D:99:D5,12/12/2020,11:58:43
Connection,192.168.1.26,1A:B9:BB:0F:2D:1A,12/12/2020,11:58:34
Connection,192.168.1.8,48:BA:4E:A5:90:E4,12/12/2020,11:17:59
Connection,192.168.1.5,A8:10:87:4F:0B:56,12/12/2020,11:14:01
Connection,192.168.1.26,1A:B9:BB:0F:2D:1A,12/12/2020,11:07:17
Connection,192.168.1.10,F8:36:9B:83:36:A2,12/12/2020,10:55:38
Connection,192.168.1.34,28:CD:C4:E0:7D:33,12/12/2020,10:55:26
Connection,192.168.1.21,52:A5:93:9D:99:D5,12/12/2020,10:54:45
Connection,192.168.1.3,F8:36:9B:81:2E:F3,12/12/2020,10:52:48
Connection,192.168.1.22,22:4C:A9:A5:88:6A,12/12/2020,10:37:27
Connection,192.168.1.22,22:4C:A9:A5:88:6A,12/12/2020,10:36:21
Connection,192.168.1.22,22:4C:A9:A5:88:6A,12/12/2020,10:29:46
Connection,192.168.1.22,22:4C:A9:A5:88:6A,12/12/2020,10:29:45
Connection,192.168.1.22,22:4C:A9:A5:88:6A,12/12/2020,10:25:45
Connection,192.168.1.16,0C:96:E6:02:D1:1F,12/12/2020,10:25:37
Connection,192.168.1.34,28:CD:C4:E0:7D:33,12/12/2020,10:24:00
Connection,192.168.1.22,22:4C:A9:A5:88:6A,12/12/2020,10:11:14
Connection,192.168.1.22,22:4C:A9:A5:88:6A,12/12/2020,10:05:58
Connection,192.168.1.22,22:4C:A9:A5:88:6A,12/12/2020,09:59:59
Connection,192.168.1.8,48:BA:4E:A5:90:E4,12/12/2020,09:47:59
Connection,192.168.1.8,48:BA:4E:A5:90:E4,12/12/2020,09:46:56
Connection,192.168.1.8,48:BA:4E:A5:90:E4,12/12/2020,09:45:52
Connection,192.168.1.8,48:BA:4E:A5:90:E4,12/12/2020,09:43:46
Connection,192.168.1.22,22:4C:A9:A5:88:6A,12/12/2020,09:42:30
Connection,192.168.1.8,48:BA:4E:A5:90:E4,12/12/2020,09:39:33
Connection,192.168.1.24,A6:DC:5B:42:7A:9D,12/12/2020,09:34:56
Connection,192.168.1.24,A6:DC:5B:42:7A:9D,12/12/2020,09:34:55
Connection,192.168.1.8,48:BA:4E:A5:90:E4,12/12/2020,09:31:07
Connection,192.168.1.24,A6:DC:5B:42:7A:9D,12/12/2020,09:31:01
Connection,192.168.1.24,A6:DC:5B:42:7A:9D,12/12/2020,09:30:56
Connection,192.168.1.24,A6:DC:5B:42:7A:9D,12/12/2020,09:16:54
Connection,192.168.1.8,48:BA:4E:A5:90:E4,12/12/2020,09:14:14
Connection,192.168.1.24,A6:DC:5B:42:7A:9D,12/12/2020,09:12:20
Connection,192.168.1.24,A6:DC:5B:42:7A:9D,12/12/2020,09:12:03
Connection,192.168.1.24,A6:DC:5B:42:7A:9D,12/12/2020,09:11:33
Connection,192.168.1.24,A6:DC:5B:42:7A:9D,12/12/2020,09:11:30
Connection,192.168.1.24,A6:DC:5B:42:7A:9D,12/12/2020,09:11:29
Connection,192.168.1.24,A6:DC:5B:42:7A:9D,12/12/2020,09:09:10
Connection,192.168.1.23,56:B1:2E:72:AB:79,12/12/2020,09:04:28
Connection,192.168.1.24,A6:DC:5B:42:7A:9D,12/12/2020,08:58:49
Connection,192.168.1.24,A6:DC:5B:42:7A:9D,12/12/2020,08:58:48
Connection,192.168.1.8,48:BA:4E:A5:90:E4,12/12/2020,08:40:29
Connection,192.168.1.25,E6:BA:77:29:11:D9,12/12/2020,08:33:58
Connection,192.168.1.25,E6:BA:77:29:11:D9,12/12/2020,08:33:57
Connection,192.168.1.25,E6:BA:77:29:11:D9,12/12/2020,08:32:49
Connection,192.168.1.21,52:A5:93:9D:99:D5,12/12/2020,08:27:57
Connection,192.168.1.21,52:A5:93:9D:99:D5,12/12/2020,08:23:46
Connection,192.168.1.21,52:A5:93:9D:99:D5,12/12/2020,08:22:56
Connection,192.168.1.21,52:A5:93:9D:99:D5,12/12/2020,08:20:45
Connection,192.168.1.32,D2:66:8F:0E:BD:12,12/12/2020,08:18:18
Connection,192.168.1.21,52:A5:93:9D:99:D5,12/12/2020,08:17:38
Connection,192.168.1.21,52:A5:93:9D:99:D5,12/12/2020,08:15:59
Connection,192.168.1.23,56:B1:2E:72:AB:79,12/12/2020,08:11:33
Connection,192.168.1.23,56:B1:2E:72:AB:79,12/12/2020,08:11:30
Connection,192.168.1.21,52:A5:93:9D:99:D5,12/12/2020,08:08:59
Connection,192.168.1.23,56:B1:2E:72:AB:79,12/12/2020,08:07:23
Connection,192.168.1.23,56:B1:2E:72:AB:79,12/12/2020,07:44:28
Connection,192.168.1.23,56:B1:2E:72:AB:79,12/12/2020,07:44:23
Connection,192.168.1.23,56:B1:2E:72:AB:79,12/12/2020,07:43:47
Connection,192.168.1.8,48:BA:4E:A5:90:E4,12/12/2020,07:32:59
Connection,192.168.1.29,A6:E5:CA:F8:7A:DE,12/12/2020,07:21:21
Connection,192.168.1.29,A6:E5:CA:F8:7A:DE,12/12/2020,07:20:59
Connection,192.168.1.30,1E:DC:DC:43:96:2B,12/12/2020,06:51:59
Connection,192.168.1.15,C0:D2:F3:7E:03:F0,12/12/2020,06:49:41
Connection,192.168.1.34,28:CD:C4:E0:7D:33,12/12/2020,06:48:45
Connection,192.168.1.33,CC:46:4E:CB:54:8C,12/12/2020,06:41:01
Connection,192.168.1.16,0C:96:E6:02:D1:1F,12/12/2020,06:29:07
Connection,192.168.1.23,56:B1:2E:72:AB:79,12/12/2020,06:20:47
Connection,192.168.1.21,52:A5:93:9D:99:D5,12/12/2020,06:12:22
Connection,192.168.1.23,56:B1:2E:72:AB:79,12/12/2020,06:05:05
Connection,192.168.1.25,E6:BA:77:29:11:D9,12/12/2020,06:04:23
Connection,192.168.1.23,56:B1:2E:72:AB:79,12/12/2020,05:49:29
Connection,192.168.1.8,48:BA:4E:A5:90:E4,12/12/2020,05:17:59
Connection,192.168.1.23,56:B1:2E:72:AB:79,12/12/2020,05:14:27
Connection,192.168.1.23,56:B1:2E:72:AB:79,12/12/2020,04:07:38
Connection,192.168.1.6,B0:B9:8A:5E:DF:F1,12/12/2020,04:07:07
Connection,192.168.1.6,B0:B9:8A:5E:DF:F1,12/12/2020,04:07:00
Connection,192.168.1.6,B0:B9:8A:5E:DF:F1,12/12/2020,04:06:49
Connection,192.168.1.6,B0:B9:8A:5E:DF:F1,12/12/2020,04:06:29
Connection,192.168.1.6,B0:B9:8A:5E:DF:F1,12/12/2020,04:05:47
Connection,192.168.1.6,B0:B9:8A:5E:DF:F1,12/12/2020,04:04:23
Connection,192.168.1.6,B0:B9:8A:5E:DF:F1,12/12/2020,04:01:33
Connection,192.168.1.6,B0:B9:8A:5E:DF:F1,12/12/2020,03:55:56
Connection,192.168.1.6,B0:B9:8A:5E:DF:F1,12/12/2020,03:44:41
Connection,192.168.1.6,B0:B9:8A:5E:DF:F1,12/12/2020,03:22:12
Connection,192.168.1.6,B0:B9:8A:5E:DF:F1,12/12/2020,02:37:12
Connection,192.168.1.29,A6:E5:CA:F8:7A:DE,12/12/2020,02:08:00
Connection,192.168.1.23,56:B1:2E:72:AB:79,12/12/2020,01:50:32
Connection,192.168.1.6,B0:B9:8A:5E:DF:F1,12/12/2020,01:07:12
Connection,192.168.1.6,B0:B9:8A:5E:DF:F1,12/12/2020,01:07:04
Connection,192.168.1.6,B0:B9:8A:5E:DF:F1,12/12/2020,01:06:56
Connection,192.168.1.6,B0:B9:8A:5E:DF:F1,12/12/2020,01:06:40
Connection,192.168.1.6,B0:B9:8A:5E:DF:F1,12/12/2020,01:06:08
Connection,192.168.1.6,B0:B9:8A:5E:DF:F1,12/12/2020,01:05:04
Connection,192.168.1.6,B0:B9:8A:5E:DF:F1,12/12/2020,01:02:57
Connection,192.168.1.4,F0:81:73:DA:3F:2F,12/12/2020,01:00:04
Connection,192.168.1.6,B0:B9:8A:5E:DF:F1,12/12/2020,00:58:44
Connection,192.168.1.7,18:56:80:6C:52:5A,12/12/2020,00:50:42
Connection,192.168.1.7,18:56:80:6C:52:5A,12/12/2020,00:50:40
Connection,192.168.1.7,18:56:80:6C:52:5A,12/12/2020,00:50:39
Connection,192.168.1.7,18:56:80:6C:52:5A,12/12/2020,00:50:38
Connection,192.168.1.6,B0:B9:8A:5E:DF:F1,12/12/2020,00:50:18
Connection,192.168.1.8,48:BA:4E:A5:90:E4,12/12/2020,00:47:59
Connection,192.168.1.6,B0:B9:8A:5E:DF:F1,12/12/2020,00:33:26
Connection,192.168.1.6,B0:B9:8A:5E:DF:F1,12/11/2020,23:59:41
Connection,192.168.1.5,A8:10:87:4F:0B:56,12/11/2020,23:14:02
Connection,192.168.1.26,1A:B9:BB:0F:2D:1A,12/11/2020,23:07:35
Connection,192.168.1.10,F8:36:9B:83:36:A2,12/11/2020,22:55:40
Connection,192.168.1.10,F8:36:9B:83:36:A2,12/11/2020,22:55:40
Connection,192.168.1.10,F8:36:9B:83:36:A2,12/11/2020,22:55:38
Connection,192.168.1.3,F8:36:9B:81:2E:F3,12/11/2020,22:52:48
Connection,192.168.1.6,B0:B9:8A:5E:DF:F1,12/11/2020,22:52:12
Connection,192.168.1.7,18:56:80:6C:52:5A,12/11/2020,22:35:41
Connection,192.168.1.7,18:56:80:6C:52:5A,12/11/2020,22:35:39
Connection,192.168.1.7,18:56:80:6C:52:5A,12/11/2020,22:35:38
Connection,192.168.1.7,18:56:80:6C:52:5A,12/11/2020,22:35:37
Connection,192.168.1.23,56:B1:2E:72:AB:79,12/11/2020,21:18:18
Connection,192.168.1.34,28:CD:C4:E0:7D:33,12/11/2020,20:53:45
Connection,192.168.1.6,B0:B9:8A:5E:DF:F1,12/11/2020,20:37:12
Connection,192.168.1.15,C0:D2:F3:7E:03:F0,12/11/2020,20:32:42
Connection,192.168.1.34,28:CD:C4:E0:7D:33,12/11/2020,18:59:26
Connection,192.168.1.33,CC:46:4E:CB:54:8C,12/11/2020,18:41:00
Connection,192.168.1.7,18:56:80:6C:52:5A,12/11/2020,18:05:37
Connection,192.168.1.7,18:56:80:6C:52:5A,12/11/2020,18:05:35
Connection,192.168.1.7,18:56:80:6C:52:5A,12/11/2020,18:05:34
Connection,192.168.1.7,18:56:80:6C:52:5A,12/11/2020,18:05:33
Connection,192.168.1.25,E6:BA:77:29:11:D9,12/11/2020,18:03:33
Connection,192.168.1.21,52:A5:93:9D:99:D5,12/11/2020,16:32:39
Connection,192.168.1.25,E6:BA:77:29:11:D9,12/11/2020,16:25:08
Connection,192.168.1.21,52:A5:93:9D:99:D5,12/11/2020,16:16:07
Connection,192.168.1.6,B0:B9:8A:5E:DF:F1,12/11/2020,16:07:12
Connection,192.168.1.22,22:4C:A9:A5:88:6A,12/11/2020,15:02:50
Connection,192.168.1.25,E6:BA:77:29:11:D9,12/11/2020,14:57:02
Connection,192.168.1.18,2C:F0:A2:20:1E:B0,12/11/2020,14:34:08
Connection,192.168.1.29,A6:E5:CA:F8:7A:DE,12/11/2020,14:01:12
Connection,192.168.1.4,F0:81:73:DA:3F:2F,12/11/2020,13:00:04
Connection,192.168.1.8,48:BA:4E:A5:90:E4,12/11/2020,12:48:00
Connection,192.168.1.8,48:BA:4E:A5:90:E4,12/11/2020,12:46:30
Connection,192.168.1.8,48:BA:4E:A5:90:E4,12/11/2020,12:45:06
Connection,192.168.1.8,48:BA:4E:A5:90:E4,12/11/2020,12:42:17
Connection,192.168.1.8,48:BA:4E:A5:90:E4,12/11/2020,12:36:40
Connection,192.168.1.8,48:BA:4E:A5:90:E4,12/11/2020,12:25:23
Connection,192.168.1.10,F8:36:9B:83:36:A2,12/11/2020,12:18:47
Connection,192.168.1.10,F8:36:9B:83:36:A2,12/11/2020,12:18:47
Connection,192.168.1.8,48:BA:4E:A5:90:E4,12/11/2020,12:02:52
Connection,192.168.1.8,48:BA:4E:A5:90:E4,12/11/2020,11:17:52
Connection,192.168.1.5,A8:10:87:4F:0B:56,12/11/2020,11:14:02
Connection,192.168.1.29,A6:E5:CA:F8:7A:DE,12/11/2020,11:06:04
Connection,192.168.1.26,1A:B9:BB:0F:2D:1A,12/11/2020,11:05:54
Connection,192.168.1.3,F8:36:9B:81:2E:F3,12/11/2020,10:52:47
Connection,192.168.1.3,F8:36:9B:81:2E:F3,12/11/2020,10:49:55
Connection,192.168.1.3,F8:36:9B:81:2E:F3,12/11/2020,10:49:09
Connection,192.168.1.31,1E:F7:27:D1:51:CF,12/11/2020,10:49:05
Connection,192.168.1.25,E6:BA:77:29:11:D9,12/11/2020,10:44:59
Connection,192.168.1.25,E6:BA:77:29:11:D9,12/11/2020,10:44:58
Connection,192.168.1.29,A6:E5:CA:F8:7A:DE,12/11/2020,10:43:12
Connection,192.168.1.34,28:CD:C4:E0:7D:33,12/11/2020,10:41:13
Connection,192.168.1.25,E6:BA:77:29:11:D9,12/11/2020,10:38:20
Connection,192.168.1.25,E6:BA:77:29:11:D9,12/11/2020,10:38:17
Connection,192.168.1.25,E6:BA:77:29:11:D9,12/11/2020,10:38:16
Connection,192.168.1.25,E6:BA:77:29:11:D9,12/11/2020,10:37:14
Connection,192.168.1.25,E6:BA:77:29:11:D9,12/11/2020,10:37:12
Connection,192.168.1.25,E6:BA:77:29:11:D9,12/11/2020,10:37:08
Connection,192.168.1.25,E6:BA:77:29:11:D9,12/11/2020,10:35:0
Connection,192.168.1.25,E6:BA:77:29:11:D9,12/11/2020,10:35:02
Connection,192.168.1.25,E6:BA:77:29:11:D9,12/11/2020,10:34:56
Connection,192.168.1.24,A6:DC:5B:42:7A:9D,12/11/2020,10:34:56
Connection,192.168.1.26,1A:B9:BB:0F:2D:1A,12/11/2020,10:33:20
Connection,192.168.1.3,F8:36:9B:81:2E:F3,12/11/2020,10:23:56
Connection,192.168.1.8,48:BA:4E:A5:90:E4,12/11/2020,09:47:53
Connection,192.168.1.8,48:BA:4E:A5:90:E4,12/11/2020,09:46:50
Connection,192.168.1.8,48:BA:4E:A5:90:E4,12/11/2020,09:45:47
Connection,192.168.1.8,48:BA:4E:A5:90:E4,12/11/2020,09:43:40
Connection,192.168.1.8,48:BA:4E:A5:90:E4,12/11/2020,09:39:27
Connection,192.168.1.26,1A:B9:BB:0F:2D:1A,12/11/2020,09:38:51
Connection,192.168.1.8,48:BA:4E:A5:90:E4,12/11/2020,09:31:01
Connection,192.168.1.23,56:B1:2E:72:AB:79,12/11/2020,09:18:39
Connection,192.168.1.8,48:BA:4E:A5:90:E4,12/11/2020,09:14:08
Connection,192.168.1.16,0C:96:E6:02:D1:1F,12/11/2020,09:00:38
Connection,192.168.1.23,56:B1:2E:72:AB:79,12/11/2020,08:59:26
Connection,192.168.1.23,56:B1:2E:72:AB:79,12/11/2020,08:48:12
Connection,192.168.1.8,48:BA:4E:A5:90:E4,12/11/2020,08:40:24
Connection,192.168.1.23,56:B1:2E:72:AB:79,12/11/2020,08:25:43
Connection,192.168.1.29,A6:E5:CA:F8:7A:DE,12/11/2020,07:53:30
Connection,192.168.1.23,56:B1:2E:72:AB:79,12/11/2020,07:44:01
Connection,192.168.1.8,48:BA:4E:A5:90:E4,12/11/2020,07:32:54
Connection,192.168.1.34,28:CD:C4:E0:7D:33,12/11/2020,07:20:22
Connection,192.168.1.16,0C:96:E6:02:D1:1F,12/11/2020,07:17:55
Connection,192.168.1.25,E6:BA:77:29:11:D9,12/11/2020,07:10:46
Connection,192.168.1.24,A6:DC:5B:42:7A:9D,12/11/2020,07:10:43
Connection,192.168.1.24,A6:DC:5B:42:7A:9D,12/11/2020,07:09:23
Connection,192.168.1.15,C0:D2:F3:7E:03:F0,12/11/2020,07:06:23
Connection,192.168.1.22,22:4C:A9:A5:88:6A,12/11/2020,07:05:59
Connection,192.168.1.33,CC:46:4E:CB:54:8C,12/11/2020,06:41:00
Connection,192.168.1.6,B0:B9:8A:5E:DF:F1,12/06/2020,00:59:03
Connection,192.168.1.6,B0:B9:8A:5E:DF:F1,12/06/2020,00:50:37
Connection,192.168.1.8,48:BA:4E:A5:90:E4,12/06/2020,00:47:56
Connection,192.168.1.7,18:56:80:6C:52:5A,12/06/2020,00:45:02
Connection,192.168.1.7,18:56:80:6C:52:5A,12/06/2020,00:43:52
Connection,192.168.1.6,B0:B9:8A:5E:DF:F1,12/06/2020,00:33:45
Connection,192.168.1.10,F8:36:9B:83:36:A2,12/06/2020,00:00:10
Connection,192.168.1.10,F8:36:9B:83:36:A2,12/06/2020,00:00:10
Connection,192.168.1.10,F8:36:9B:83:36:A2,12/06/2020,00:00:08
Connection,192.168.1.10,F8:36:9B:83:36:A2,12/06/2020,00:00:05
Connection,192.168.1.6,B0:B9:8A:5E:DF:F1,12/05/2020,23:59:59
Connection,192.168.1.6,B0:B9:8A:5E:DF:F1,12/05/2020,22:52:29
Connection,192.168.1.29,A6:E5:CA:F8:7A:DE,12/05/2020,22:48:38
Connection,192.168.1.30,1E:DC:DC:43:96:2B,12/05/2020,22:47:01
Connection,192.168.1.7,18:56:80:6C:52:5A,12/05/2020,22:25:40
Connection,192.168.1.7,18:56:80:6C:52:5A,12/05/2020,22:25:38
Connection,192.168.1.7,18:56:80:6C:52:5A,12/05/2020,22:25:37
Connection,192.168.1.7,18:56:80:6C:52:5A,12/05/2020,22:25:36
Connection,192.168.1.25,E6:BA:77:29:11:D9,12/05/2020,20:58:21
Connection,192.168.1.5,A8:10:87:4F:0B:56,12/05/2020,20:48:12
Connection,192.168.1.6,B0:B9:8A:5E:DF:F1,12/05/2020,20:37:30
Connection,192.168.1.15,C0:D2:F3:7E:03:F0,12/05/2020,20:15:38
Connection,192.168.1.21,52:A5:93:9D:99:D5,12/05/2020,20:15:34
Connection,192.168.1.16,0C:96:E6:02:D1:1F,12/05/2020,19:44:55
Connection,192.168.1.16,0C:96:E6:02:D1:1F,12/05/2020,19:44:52
Connection,192.168.1.24,A6:DC:5B:42:7A:9D,12/05/2020,19:18:50
Connection,192.168.1.16,0C:96:E6:02:D1:1F,12/05/2020,19:03:00
Connection,192.168.1.16,0C:96:E6:02:D1:1F,12/05/2020,19:02:58
Connection,192.168.1.30,1E:DC:DC:43:96:2B,12/05/2020,18:22:15
Connection,192.168.1.30,1E:DC:DC:43:96:2B,12/05/2020,18:22:13
Connection,192.168.1.4,F0:81:73:DA:3F:2F,12/05/2020,17:16:36
Connection,192.168.1.24,A6:DC:5B:42:7A:9D,12/05/2020,16:08:49
Connection,192.168.1.25,E6:BA:77:29:11:D9,12/05/2020,16:08:48
Connection,192.168.1.6,B0:B9:8A:5E:DF:F1,12/05/2020,16:07:30
Connection,192.168.1.29,A6:E5:CA:F8:7A:DE,12/05/2020,15:30:36
Connection,192.168.1.3,F8:36:9B:81:2E:F3,12/05/2020,15:26:23
Connection,192.168.1.3,F8:36:9B:81:2E:F3,12/05/2020,15:25:41
Connection,192.168.1.3,F8:36:9B:81:2E:F3,12/05/2020,15:25:38
Connection,192.168.1.10,F8:36:9B:83:36:A2,12/05/2020,15:18:38
Connection,192.168.1.3,F8:36:9B:81:2E:F3,12/05/2020,15:17:29
Connection,192.168.1.3,F8:36:9B:81:2E:F3,12/05/2020,15:16:40
Connection,192.168.1.3,F8:36:9B:81:2E:F3,12/05/2020,15:09:13
Connection,192.168.1.3,F8:36:9B:81:2E:F3,12/05/2020,15:08:03
Connection,192.168.1.29,A6:E5:CA:F8:7A:DE,12/05/2020,13:08:26
Connection,192.168.1.23,56:B1:2E:72:AB:79,12/05/2020,13:05:01
Connection,192.168.1.25,E6:BA:77:29:11:D9,12/05/2020,13:02:35
Connection,192.168.1.24,A6:DC:5B:42:7A:9D,12/05/2020,13:02:34
Connection,192.168.1.26,1A:B9:BB:0F:2D:1A,12/05/2020,13:02:31
Connection,192.168.1.8,48:BA:4E:A5:90:E4,12/05/2020,12:48:01
Connection,192.168.1.8,48:BA:4E:A5:90:E4,12/05/2020,12:46:31
Connection,192.168.1.8,48:BA:4E:A5:90:E4,12/05/2020,12:45:06
Connection,192.168.1.8,48:BA:4E:A5:90:E4,12/05/2020,12:42:18
Connection,192.168.1.8,48:BA:4E:A5:90:E4,12/05/2020,12:36:40
Connection,192.168.1.8,48:BA:4E:A5:90:E4,12/05/2020,12:25:24
Connection,192.168.1.23,56:B1:2E:72:AB:79,12/05/2020,12:05:49
Connection,192.168.1.8,48:BA:4E:A5:90:E4,12/05/2020,12:02:54
Connection,192.168.1.23,56:B1:2E:72:AB:79,12/05/2020,11:23:40
Connection,192.168.1.16,0C:96:E6:02:D1:1F,12/05/2020,11:18:37
Connection,192.168.1.8,48:BA:4E:A5:90:E4,12/05/2020,11:17:55
Connection,192.168.1.7,18:56:80:6C:52:5A,12/05/2020,10:25:37
Connection,192.168.1.7,18:56:80:6C:52:5A,12/05/2020,10:25:29
Connection,192.168.1.7,18:56:80:6C:52:5A,12/05/2020,10:25:20
Connection,192.168.1.7,18:56:80:6C:52:5A,12/05/2020,10:25:18
Connection,192.168.1.7,18:56:80:6C:52:5A,12/05/2020,10:25:17
Connection,192.168.1.7,18:56:80:6C:52:5A,12/05/2020,10:25:16
Connection,192.168.1.7,18:56:80:6C:52:5A,12/05/2020,10:24:59
Connection,192.168.1.7,18:56:80:6C:52:5A,12/05/2020,10:24:57
Connection,192.168.1.7,18:56:80:6C:52:5A,12/05/2020,10:24:56
Connection,192.168.1.7,18:56:80:6C:52:5A,12/05/2020,10:24:55
Connection,192.168.1.7,18:56:80:6C:52:5A,12/05/2020,10:24:17
Connection,192.168.1.7,18:56:80:6C:52:5A,12/05/2020,10:24:15
Connection,192.168.1.7,18:56:80:6C:52:5A,12/05/2020,10:24:14
Connection,192.168.1.7,18:56:80:6C:52:5A,12/05/2020,10:24:13
Connection,192.168.1.7,18:56:80:6C:52:5A,12/05/2020,10:22:53
Connection,192.168.1.7,18:56:80:6C:52:5A,12/05/2020,10:22:51
Connection,192.168.1.7,18:56:80:6C:52:5A,12/05/2020,10:22:50
Connection,192.168.1.7,18:56:80:6C:52:5A,12/05/2020,10:22:49
Connection,192.168.1.7,18:56:80:6C:52:5A,12/05/2020,10:20:04
Connection,192.168.1.7,18:56:80:6C:52:5A,12/05/2020,10:20:02
Connection,192.168.1.7,18:56:80:6C:52:5A,12/05/2020,10:20:01
Connection,192.168.1.7,18:56:80:6C:52:5A,12/05/2020,10:20:00
Connection,192.168.1.7,18:56:80:6C:52:5A,12/05/2020,10:14:27
Connection,192.168.1.7,18:56:80:6C:52:5A,12/05/2020,10:14:25
Connection,192.168.1.7,18:56:80:6C:52:5A,12/05/2020,10:14:24
Connection,192.168.1.7,18:56:80:6C:52:5A,12/05/2020,10:14:23
Connection,192.168.1.7,18:56:80:6C:52:5A,12/05/2020,10:03:09
Connection,192.168.1.7,18:56:80:6C:52:5A,12/05/2020,10:03:08
Connection,192.168.1.7,18:56:80:6C:52:5A,12/05/2020,10:03:07
Connection,192.168.1.29,A6:E5:CA:F8:7A:DE,12/05/2020,10:00:47
Connection,192.168.1.26,1A:B9:BB:0F:2D:1A,12/05/2020,10:00:44
Connection,192.168.1.25,E6:BA:77:29:11:D9,12/05/2020,09:59:55
Connection,192.168.1.24,A6:DC:5B:42:7A:9D,12/05/2020,09:59:54
Connection,192.168.1.25,E6:BA:77:29:11:D9,12/05/2020,09:59:54
Connection,192.168.1.24,A6:DC:5B:42:7A:9D,12/05/2020,09:59:53
Connection,192.168.1.23,56:B1:2E:72:AB:79,12/05/2020,09:58:01
Connection,192.168.1.8,48:BA:4E:A5:90:E4,12/05/2020,09:47:55
Connection,192.168.1.8,48:BA:4E:A5:90:E4,12/05/2020,09:46:52
Connection,192.168.1.8,48:BA:4E:A5:90:E4,12/05/2020,09:45:49
Connection,192.168.1.8,48:BA:4E:A5:90:E4,12/05/2020,09:43:42
Connection,192.168.1.7,18:56:80:6C:52:5A,12/05/2020,09:40:39
Connection,192.168.1.7,18:56:80:6C:52:5A,12/05/2020,09:40:37
Connection,192.168.1.7,18:56:80:6C:52:5A,12/05/2020,09:40:36
Connection,192.168.1.7,18:56:80:6C:52:5A,12/05/2020,09:40:35
Connection,192.168.1.8,48:BA:4E:A5:90:E4,12/05/2020,09:39:29
Connection,192.168.1.8,48:BA:4E:A5:90:E4,12/05/2020,09:31:03
Connection,192.168.1.23,56:B1:2E:72:AB:79,12/05/2020,09:15:01
Connection,192.168.1.8,48:BA:4E:A5:90:E4,12/05/2020,09:14:10
Connection,192.168.1.7,18:56:80:6C:52:5A,12/05/2020,08:55:35
Connection,192.168.1.7,18:56:80:6C:52:5A,12/05/2020,08:55:33
Connection,192.168.1.7,18:56:80:6C:52:5A,12/05/2020,08:55:32
Connection,192.168.1.7,18:56:80:6C:52:5A,12/05/2020,08:55:31
Connection,192.168.1.5,A8:10:87:4F:0B:56,12/05/2020,08:48:11
Connection,192.168.1.8,48:BA:4E:A5:90:E4,12/05/2020,08:40:26
Connection,192.168.1.23,56:B1:2E:72:AB:79,12/05/2020,08:33:42
Connection,192.168.1.3,F8:36:9B:81:2E:F3,12/05/2020,07:40:46
Connection,192.168.1.16,0C:96:E6:02:D1:1F,12/05/2020,07:39:54
Connection,192.168.1.8,48:BA:4E:A5:90:E4,12/05/2020,07:32:54
Connection,192.168.1.7,18:56:80:6C:52:5A,12/05/2020,07:25:25
Connection,192.168.1.7,18:56:80:6C:52:5A,12/05/2020,07:25:24
Connection,192.168.1.7,18:56:80:6C:52:5A,12/05/2020,07:25:23
Connection,192.168.1.7,18:56:80:6C:52:5A,12/05/2020,07:25:11
Connection,192.168.1.7,18:56:80:6C:52:5A,12/05/2020,07:25:09
Connection,192.168.1.7,18:56:80:6C:52:5A,12/05/2020,07:25:08
Connection,192.168.1.7,18:56:80:6C:52:5A,12/05/2020,07:25:07
Connection,192.168.1.7,18:56:80:6C:52:5A,12/05/2020,07:24:39
Connection,192.168.1.7,18:56:80:6C:52:5A,12/05/2020,07:24:37
Connection,192.168.1.7,18:56:80:6C:52:5A,12/05/2020,07:24:36
Connection,192.168.1.7,18:56:80:6C:52:5A,12/05/2020,07:24:35
Connection,192.168.1.7,18:56:80:6C:52:5A,12/05/2020,07:23:36
Connection,192.168.1.7,18:56:80:6C:52:5A,12/05/2020,07:23:34
Connection,192.168.1.7,18:56:80:6C:52:5A,12/05/2020,07:23:33
Connection,192.168.1.7,18:56:80:6C:52:5A,12/05/2020,07:23:32
Connection,192.168.1.7,18:56:80:6C:52:5A,12/05/2020,07:21:29
Connection,192.168.1.7,18:56:80:6C:52:5A,12/05/2020,07:21:27
Connection,192.168.1.7,18:56:80:6C:52:5A,12/05/2020,07:21:26
Connection,192.168.1.7,18:56:80:6C:52:5A,12/05/2020,07:21:25
Connection,192.168.1.23,56:B1:2E:72:AB:79,12/05/2020,07:20:44
Connection,192.168.1.7,18:56:80:6C:52:5A,12/05/2020,07:17:16
Connection,192.168.1.7,18:56:80:6C:52:5A,12/05/2020,07:17:14
Connection,192.168.1.7,18:56:80:6C:52:5A,12/05/2020,07:17:13
Connection,192.168.1.7,18:56:80:6C:52:5A,12/05/2020,07:17:12
Connection,192.168.1.7,18:56:80:6C:52:5A,12/05/2020,07:08:50
Connection,192.168.1.7,18:56:80:6C:52:5A,12/05/2020,07:08:48
Connection,192.168.1.7,18:56:80:6C:52:5A,12/05/2020,07:08:47
Connection,192.168.1.7,18:56:80:6C:52:5A,12/05/2020,07:08:46
Connection,192.168.1.25,E6:BA:77:29:11:D9,12/05/2020,06:55:02
Connection,192.168.1.24,A6:DC:5B:42:7A:9D,12/05/2020,06:54:59
Connection,192.168.1.7,18:56:80:6C:52:5A,12/05/2020,06:51:57
Connection,192.168.1.7,18:56:80:6C:52:5A,12/05/2020,06:51:55
Connection,192.168.1.7,18:56:80:6C:52:5A,12/05/2020,06:51:54
Connection,192.168.1.7,18:56:80:6C:52:5A,12/05/2020,06:51:53
Connection,192.168.1.33,CC:46:4E:CB:54:8C,12/05/2020,06:40:51
Connection,192.168.1.21,52:A5:93:9D:99:D5,12/05/2020,06:36:00
Connection,192.168.1.7,18:56:80:6C:52:5A,12/05/2020,06:18:12
Connection,192.168.1.7,18:56:80:6C:52:5A,12/05/2020,06:18:10
Connection,192.168.1.7,18:56:80:6C:52:5A,12/05/2020,06:18:09
Connection,192.168.1.7,18:56:80:6C:52:5A,12/05/2020,06:18:08
Connection,192.168.1.8,48:BA:4E:A5:90:E4,12/05/2020,05:17:55
Connection,192.168.1.4,F0:81:73:DA:3F:2F,12/05/2020,05:16:35
Connection,192.168.1.7,18:56:80:6C:52:5A,12/05/2020,05:10:41
Connection,192.168.1.7,18:56:80:6C:52:5A,12/05/2020,05:10:39
Connection,192.168.1.7,18:56:80:6C:52:5A,12/05/2020,05:10:38
Connection,192.168.1.7,18:56:80:6C:52:5A,12/05/2020,05:10:37
Connection,192.168.1.23,56:B1:2E:72:AB:79,12/05/2020,05:05:53
Connection,192.168.1.15,C0:D2:F3:7E:03:F0,12/05/2020,05:00:16
Connection,192.168.1.30,1E:DC:DC:43:96:2B,12/05/2020,04:49:48
Connection,192.168.1.29,A6:E5:CA:F8:7A:DE,12/05/2020,04:49:19
Connection,192.168.1.29,A6:E5:CA:F8:7A:DE,12/05/2020,04:49:02
Connection,192.168.1.29,A6:E5:CA:F8:7A:DE,12/05/2020,04:48:55
Connection,192.168.1.29,A6:E5:CA:F8:7A:DE,12/05/2020,04:48:53
Connection,192.168.1.29,A6:E5:CA:F8:7A:DE,12/05/2020,04:48:52
Connection,192.168.1.29,A6:E5:CA:F8:7A:DE,12/05/2020,04:47:36
Connection,192.168.1.29,A6:E5:CA:F8:7A:DE,12/05/2020,04:47:03
Connection,192.168.1.29,A6:E5:CA:F8:7A:DE,12/05/2020,04:46:56
Connection,192.168.1.29,A6:E5:CA:F8:7A:DE,12/05/2020,04:46:54
Connection,192.168.1.29,A6:E5:CA:F8:7A:DE,12/05/2020,04:46:52
Connection,192.168.1.29,A6:E5:CA:F8:7A:DE,12/05/2020,04:40:36
Connection,192.168.1.29,A6:E5:CA:F8:7A:DE,12/05/2020,04:40:29
Connection,192.168.1.29,A6:E5:CA:F8:7A:DE,12/05/2020,04:40:26
Connection,192.168.1.29,A6:E5:CA:F8:7A:DE,12/05/2020,04:40:25
Connection,192.168.1.29,A6:E5:CA:F8:7A:DE,12/05/2020,04:35:09
Connection,192.168.1.6,B0:B9:8A:5E:DF:F1,12/05/2020,04:07:28
Connection,192.168.1.6,B0:B9:8A:5E:DF:F1,12/05/2020,04:07:28
Connection,192.168.1.6,B0:B9:8A:5E:DF:F1,12/05/2020,04:07:20
Connection,192.168.1.6,B0:B9:8A:5E:DF:F1,12/05/2020,04:07:10
Connection,192.168.1.6,B0:B9:8A:5E:DF:F1,12/05/2020,04:06:49
Connection,192.168.1.6,B0:B9:8A:5E:DF:F1,12/05/2020,04:06:07
Connection,192.168.1.6,B0:B9:8A:5E:DF:F1,12/05/2020,04:04:43
Connection,192.168.1.6,B0:B9:8A:5E:DF:F1,12/05/2020,04:01:54
Connection,192.168.1.6,B0:B9:8A:5E:DF:F1,12/05/2020,03:56:16
Connection,192.168.1.6,B0:B9:8A:5E:DF:F1,12/05/2020,03:45:02
Connection,192.168.1.6,B0:B9:8A:5E:DF:F1,12/05/2020,03:22:32
Connection,192.168.1.3,F8:36:9B:81:2E:F3,12/05/2020,03:21:40
Connection,192.168.1.10,F8:36:9B:83:36:A2,12/05/2020,03:18:38
Connection,192.168.1.10,F8:36:9B:83:36:A2,12/05/2020,03:18:38
Connection,192.168.1.10,F8:36:9B:83:36:A2,12/05/2020,03:18:38
Connection,192.168.1.10,F8:36:9B:83:36:A2,12/05/2020,03:18:36
Connection,192.168.1.10,F8:36:9B:83:36:A2,12/05/2020,03:18:36
Connection,192.168.1.7,18:56:80:6C:52:5A,12/05/2020,02:55:39
Connection,192.168.1.7,18:56:80:6C:52:5A,12/05/2020,02:55:37
Connection,192.168.1.7,18:56:80:6C:52:5A,12/05/2020,02:55:36
Connection,192.168.1.7,18:56:80:6C:52:5A,12/05/2020,02:55:35
Connection,192.168.1.6,B0:B9:8A:5E:DF:F1,12/05/2020,02:37:32
Connection,192.168.1.26,1A:B9:BB:0F:2D:1A,12/05/2020,02:08:52
Connection,192.168.1.6,B0:B9:8A:5E:DF:F1,12/05/2020,01:07:32
Connection,192.168.1.6,B0:B9:8A:5E:DF:F1,12/05/2020,01:07:24
Connection,192.168.1.6,B0:B9:8A:5E:DF:F1,12/05/2020,01:07:16
Connection,192.168.1.6,B0:B9:8A:5E:DF:F1,12/05/2020,01:07:00
Connection,192.168.1.6,B0:B9:8A:5E:DF:F1,12/05/2020,01:06:28
Connection,192.168.1.6,B0:B9:8A:5E:DF:F1,12/05/2020,01:05:24
Connection,192.168.1.6,B0:B9:8A:5E:DF:F1,12/05/2020,01:03:17
Connection,192.168.1.6,B0:B9:8A:5E:DF:F1,12/05/2020,00:59:04
Connection,192.168.1.6,B0:B9:8A:5E:DF:F1,12/05/2020,00:50:38
Connection,192.168.1.8,48:BA:4E:A5:90:E4,12/05/2020,00:47:56
Connection,192.168.1.6,B0:B9:8A:5E:DF:F1,12/05/2020,00:33:47
Connection,192.168.1.23,56:B1:2E:72:AB:79,12/05/2020,00:20:06
Connection,192.168.1.6,B0:B9:8A:5E:DF:F1,12/05/2020,00:00:02
Connection,192.168.1.10,F8:36:9B:83:36:A2,12/04/2020,23:53:59
Connection,192.168.1.10,F8:36:9B:83:36:A2,12/04/2020,23:53:59
Connection,192.168.1.10,F8:36:9B:83:36:A2,12/04/2020,23:53:59
Connection,192.168.1.6,B0:B9:8A:5E:DF:F1,12/04/2020,22:52:32
Connection,192.168.1.25,E6:BA:77:29:11:D9,12/04/2020,22:27:58
Connection,192.168.1.7,18:56:80:6C:52:5A,12/04/2020,22:25:35
Connection,192.168.1.7,18:56:80:6C:52:5A,12/04/2020,22:25:33
Connection,192.168.1.7,18:56:80:6C:52:5A,12/04/2020,22:25:32
Connection,192.168.1.7,18:56:80:6C:52:5A,12/04/2020,22:25:31
Connection,192.168.1.25,E6:BA:77:29:11:D9,12/04/2020,21:44:02
Connection,192.168.1.25,E6:BA:77:29:11:D9,12/04/2020,21:37:02
Connection,192.168.1.25,E6:BA:77:29:11:D9,12/04/2020,21:36:59
Connection,192.168.1.5,A8:10:87:4F:0B:56,12/04/2020,20:48:12
Connection,192.168.1.6,B0:B9:8A:5E:DF:F1,12/04/2020,20:37:31
Connection,192.168.1.25,E6:BA:77:29:11:D9,12/04/2020,19:01:48
Connection,192.168.1.25,E6:BA:77:29:11:D9,12/04/2020,19:01:48
Connection,192.168.1.25,E6:BA:77:29:11:D9,12/04/2020,19:01:17
Connection,192.168.1.33,CC:46:4E:CB:54:8C,12/04/2020,18:40:50
Connection,192.168.1.21,52:A5:93:9D:99:D5,12/04/2020,18:36:28
Connection,192.168.1.4,F0:81:73:DA:3F:2F,12/04/2020,17:16:35
Connection,192.168.1.29,A6:E5:CA:F8:7A:DE,12/04/2020,17:03:18
Connection,192.168.1.15,C0:D2:F3:7E:03:F0,12/04/2020,17:00:30
Connection,192.168.1.4,F0:81:73:DA:3F:2F,12/04/2020,16:41:28
Connection,192.168.1.6,B0:B9:8A:5E:DF:F1,12/04/2020,16:07:32
Connection,192.168.1.25,E6:BA:77:29:11:D9,12/04/2020,16:04:23
Connection,192.168.1.24,A6:DC:5B:42:7A:9D,12/04/2020,15:54:56
Connection,192.168.1.3,F8:36:9B:81:2E:F3,12/04/2020,15:21:40
Connection,192.168.1.30,1E:DC:DC:43:96:2B,12/04/2020,15:15:29
Connection,192.168.1.3,F8:36:9B:81:2E:F3,12/04/2020,15:10:03
Connection,192.168.1.30,1E:DC:DC:43:96:2B,12/04/2020,15:09:17
Connection,192.168.1.25,E6:BA:77:29:11:D9,12/04/2020,14:24:12
Connection,192.168.1.25,E6:BA:77:29:11:D9,12/04/2020,14:24:11
Connection,192.168.1.25,E6:BA:77:29:11:D9,12/04/2020,14:24:01
Connection,192.168.1.25,E6:BA:77:29:11:D9,12/04/2020,14:23:59
Connection,192.168.1.25,E6:BA:77:29:11:D9,12/04/2020,14:23:58
Connection,192.168.1.29,A6:E5:CA:F8:7A:DE,12/04/2020,14:17:11
Connection,192.168.1.24,A6:DC:5B:42:7A:9D,12/04/2020,14:07:02
Connection,192.168.1.24,A6:DC:5B:42:7A:9D,12/04/2020,14:07:01
Connection,192.168.1.26,1A:B9:BB:0F:2D:1A,12/04/2020,14:06:24
