DOS attack,RST Scan,17.253.144.10,443,12/26/2020,23:43:05
DOS attack,RST Scan,17.248.241.179,443,12/26/2020,22:52:25
DOS attack,RST Scan,17.253.144.12,443,12/26/2020,22:40:36
DOS attack,TCP Port Scan,185.193.88.3,65534,12/26/2020,22:09:07
DOS attack,RST Scan,23.39.40.217,443,12/26/2020,21:54:43
DOS attack,RST Scan,173.222.53.34,443,12/26/2020,20:14:30
DOS attack,RST Scan,3.224.239.102,443,12/26/2020,19:41:37
DOS attack,RST Scan,104.244.36.20,443,12/26/2020,19:33:28
DOS attack,RST Scan,69.171.250.20,443,12/26/2020,18:55:38
DOS attack,RST Scan,216.155.194.49,993,12/26/2020,18:16:27
DOS attack,RST Scan,3.224.239.102,443,12/26/2020,17:50:57
DOS attack,RST Scan,157.240.2.20,443,12/26/2020,17:44:13
DOS attack,RST Scan,34.232.160.135,443,12/26/2020,17:42:13
DOS attack,RST Scan,45.35.192.162,443,12/26/2020,16:54:00
DOS attack,RST Scan,17.253.144.12,443,12/26/2020,16:18:53
DOS attack,RST Scan,157.240.2.21,443,12/26/2020,13:40:25
DOS attack,RST Scan,46.228.198.203,21,12/26/2020,13:22:14
DOS attack,RST Scan,17.253.144.10,443,12/26/2020,13:15:14
DOS attack,RST Scan,142.250.112.109,993,12/26/2020,13:13:44
DOS attack,RST Scan,17.253.25.202,443,12/26/2020,12:45:08
DOS attack,RST Scan,141.98.102.252,1233,12/26/2020,11:58:56
DOS attack,RST Scan,74.6.145.75,993,12/26/2020,11:05:49
DOS attack,RST Scan,157.240.2.12,443,12/26/2020,10:42:55
DOS attack,RST Scan,17.248.131.10,443,12/26/2020,09:31:53
DOS attack,RST Scan,142.250.111.108,993,12/26/2020,09:17:30
DOS attack,RST Scan,184.25.116.75,443,12/26/2020,09:16:13
DOS attack,RST Scan,205.185.216.42,443,12/26/2020,07:57:20
DOS attack,RST Scan,205.185.216.42,443,12/26/2020,07:57:00
DOS attack,RST Scan,23.60.143.190,443,12/26/2020,07:53:31
DOS attack,RST Scan,52.45.33.138,443,12/26/2020,07:32:19
DOS attack,RST Scan,23.60.144.48,443,12/26/2020,07:21:58
DOS attack,RST Scan,52.46.130.13,443,12/26/2020,07:18:20
DOS attack,RST Scan,98.137.157.46,995,12/26/2020,05:32:35
DOS attack,RST Scan,17.253.144.10,443,12/26/2020,01:31:41
DOS attack,RST Scan,98.137.159.41,993,12/26/2020,01:18:58
DOS attack,RST Scan,23.59.20.65,443,12/26/2020,00:10:04
DOS attack,RST Scan,17.253.144.10,443,12/25/2020,21:22:17
DOS attack,RST Scan,17.248.241.243,443,12/25/2020,20:34:18
DOS attack,RST Scan,173.223.109.45,443,12/25/2020,20:13:04
DOS attack,RST Scan,17.188.148.52,443,12/25/2020,20:12:43
DOS attack,RST Scan,52.84.23.120,443,12/25/2020,19:47:27
DOS attack,RST Scan,23.199.253.150,80,12/25/2020,18:30:56
DOS attack,RST Scan,68.67.179.123,443,12/25/2020,18:05:32
DOS attack,RST Scan,157.240.18.19,443,12/25/2020,18:03:09
DOS attack,RST Scan,213.202.247.84,7777,12/25/2020,16:44:00
DOS attack,RST Scan,18.218.190.233,443,12/25/2020,16:30:28
DOS attack,RST Scan,17.253.144.12,443,12/25/2020,16:18:28
DOS attack,RST Scan,17.253.144.10,443,12/25/2020,15:16:37
DOS attack,RST Scan,68.67.160.132,443,12/25/2020,13:44:10
DOS attack,RST Scan,68.67.160.117,443,12/25/2020,13:41:59
DOS attack,RST Scan,3.86.192.220,443,12/25/2020,13:02:51
DOS attack,RST Scan,17.248.241.73,443,12/25/2020,12:45:48
DOS attack,RST Scan,17.253.144.10,443,12/25/2020,12:06:43
DOS attack,RST Scan,142.250.123.108,993,12/25/2020,12:05:03
DOS attack,RST Scan,172.224.11.130,443,12/25/2020,11:21:49
DOS attack,RST Scan,23.56.175.123,443,12/25/2020,09:34:36
DOS attack,RST Scan,104.91.200.181,443,12/25/2020,08:41:06
DOS attack,RST Scan,17.248.241.103,443,12/25/2020,08:27:44
DOS attack,RST Scan,50.116.194.23,443,12/25/2020,08:03:33
DOS attack,RST Scan,74.119.119.135,443,12/25/2020,08:03:11
DOS attack,RST Scan,104.91.200.181,443,12/25/2020,07:16:05
DOS attack,RST Scan,184.28.239.238,443,12/25/2020,06:34:43
DOS attack,RST Scan,93.158.236.31,30120,12/25/2020,06:31:54
DOS attack,RST Scan,45.81.232.17,80,12/25/2020,03:49:26
DOS attack,TCP Port Scan,79.124.62.21,65534,12/25/2020,03:19:17
DOS attack,RST Scan,17.137.166.35,443,12/25/2020,02:45:50
DOS attack,RST Scan,17.253.25.205,443,12/25/2020,02:22:59
DOS attack,RST Scan,74.6.106.29,995,12/25/2020,01:37:33
DOS attack,RST Scan,74.6.106.29,995,12/25/2020,01:36:50
DOS attack,RST Scan,74.6.137.75,995,12/25/2020,00:43:53
DOS attack,RST Scan,17.253.144.10,443,12/24/2020,22:02:39
DOS attack,RST Scan,23.48.208.35,443,12/24/2020,20:04:21
DOS attack,RST Scan,69.171.250.20,443,12/24/2020,19:53:17
DOS attack,RST Scan,23.59.20.65,443,12/24/2020,19:41:41
DOS attack,RST Scan,69.171.250.20,443,12/24/2020,19:11:47
DOS attack,RST Scan,157.240.18.15,443,12/24/2020,18:34:55
DOS attack,RST Scan,157.240.2.21,443,12/24/2020,18:33:32
DOS attack,RST Scan,69.171.250.20,443,12/24/2020,18:15:30
DOS attack,RST Scan,216.155.194.49,993,12/24/2020,18:00:35
DOS attack,RST Scan,157.240.2.25,443,12/24/2020,17:50:02
DOS attack,RST Scan,157.240.18.15,443,12/24/2020,17:45:47
DOS attack,RST Scan,157.240.2.20,443,12/24/2020,17:36:34
DOS attack,RST Scan,157.240.2.21,443,12/24/2020,17:32:23
DOS attack,RST Scan,72.30.3.55,993,12/20/2020,00:10:00
DOS attack,RST Scan,13.226.16.146,443,12/19/2020,23:39:20
DOS attack,RST Scan,17.253.144.10,443,12/19/2020,23:29:42
DOS attack,RST Scan,104.122.45.100,443,12/19/2020,22:50:28
DOS attack,RST Scan,17.253.144.12,443,12/19/2020,22:28:24
DOS attack,RST Scan,17.253.25.206,443,12/19/2020,20:40:04
DOS attack,RST Scan,104.102.249.66,443,12/19/2020,20:35:50
DOS attack,RST Scan,120.232.43.110,15615,12/19/2020,20:25:57
DOS attack,RST Scan,3.224.239.102,443,12/19/2020,20:15:51
DOS attack,RST Scan,17.253.144.10,443,12/19/2020,20:09:56
DOS attack,RST Scan,157.240.18.15,443,12/19/2020,20:04:15
DOS attack,RST Scan,184.28.239.230,443,12/19/2020,17:53:48
DOS attack,RST Scan,167.179.67.124,443,12/19/2020,17:16:23
DOS attack,RST Scan,52.3.233.82,443,12/19/2020,16:17:21
DOS attack,RST Scan,69.147.64.33,443,12/19/2020,16:16:17
DOS attack,RST Scan,17.253.144.10,443,12/19/2020,15:16:20
DOS attack,RST Scan,17.253.144.10,443,12/19/2020,15:00:46
DOS attack,RST Scan,23.59.21.158,443,12/19/2020,14:50:42
DOS attack,RST Scan,17.253.144.12,443,12/19/2020,13:15:27
DOS attack,RST Scan,23.39.40.217,443,12/19/2020,11:55:42
DOS attack,RST Scan,67.195.204.56,443,12/19/2020,11:48:34
DOS attack,TCP Port Scan,193.29.13.31,65523,12/19/2020,11:33:39
DOS attack,RST Scan,104.114.13.246,443,12/19/2020,11:17:35
DOS attack,RST Scan,104.102.249.139,443,12/19/2020,11:16:53
DOS attack,RST Scan,144.91.110.55,65372,12/19/2020,10:40:45
DOS attack,RST Scan,17.253.144.12,443,12/19/2020,10:36:09
DOS attack,RST Scan,17.248.241.137,443,12/19/2020,09:52:37
DOS attack,RST Scan,104.126.188.245,80,12/19/2020,09:14:26
DOS attack,RST Scan,23.39.37.117,443,12/19/2020,07:40:20
DOS attack,RST Scan,17.248.241.144,443,12/19/2020,07:21:22
DOS attack,RST Scan,3.224.119.28,443,12/19/2020,06:43:10
DOS attack,RST Scan,23.59.20.65,443,12/19/2020,06:42:47
DOS attack,RST Scan,17.151.2.101,443,12/19/2020,03:31:27
DOS attack,RST Scan,72.30.3.55,993,12/19/2020,03:11:22
DOS attack,RST Scan,17.248.241.134,443,12/19/2020,03:08:35
DOS attack,RST Scan,17.248.241.203,443,12/19/2020,01:53:24
DOS attack,RST Scan,98.137.159.41,993,12/19/2020,01:47:23
DOS attack,RST Scan,17.253.144.10,443,12/19/2020,00:24:05
DOS attack,RST Scan,98.137.159.41,993,12/19/2020,00:12:12
DOS attack,RST Scan,17.248.241.202,443,12/18/2020,23:02:43
DOS attack,RST Scan,161.69.122.115,8080,12/18/2020,22:36:38
DOS attack,RST Scan,98.137.157.46,995,12/18/2020,22:23:42
DOS attack,RST Scan,98.137.159.41,993,12/18/2020,21:23:55
DOS attack,RST Scan,17.253.144.12,443,12/18/2020,21:13:51
DOS attack,RST Scan,17.248.241.234,443,12/18/2020,20:32:16
DOS attack,RST Scan,157.240.18.19,443,12/18/2020,19:45:34
DOS attack,UDP Port Scan,161.97.138.3,5704,12/18/2020,19:26:33
DOS attack,RST Scan,17.253.144.10,443,12/18/2020,19:12:53
DOS attack,RST Scan,52.149.175.86,443,12/18/2020,18:00:12
DOS attack,RST Scan,104.102.249.51,443,12/18/2020,17:52:22
DOS attack,RST Scan,172.217.4.42,443,12/18/2020,17:48:27
DOS attack,RST Scan,157.240.2.20,443,12/18/2020,17:43:33
DOS attack,RST Scan,23.22.95.166,443,12/18/2020,17:32:37
DOS attack,RST Scan,172.217.0.14,443,12/18/2020,17:29:19
DOS attack,RST Scan,216.58.192.174,443,12/18/2020,17:27:16
DOS attack,RST Scan,216.58.192.132,443,12/18/2020,17:26:32
DOS attack,RST Scan,216.58.192.132,443,12/18/2020,17:25:08
DOS attack,RST Scan,216.58.192.132,443,12/18/2020,17:24:25
DOS attack,RST Scan,216.58.192.206,443,12/18/2020,17:24:05
DOS attack,RST Scan,216.58.192.206,443,12/18/2020,17:22:22
DOS attack,RST Scan,216.58.192.206,443,12/18/2020,17:22:02
DOS attack,RST Scan,172.217.4.78,443,12/18/2020,17:19:56
DOS attack,RST Scan,172.217.8.206,443,12/18/2020,16:55:04
DOS attack,RST Scan,157.240.2.25,443,12/18/2020,16:43:53
DOS attack,RST Scan,157.240.2.21,443,12/18/2020,15:50:36
DOS attack,RST Scan,142.250.123.109,993,12/18/2020,15:07:57
DOS attack,TCP Port Scan,141.98.82.20,65527,12/18/2020,14:54:52
DOS attack,RST Scan,23.192.101.103,443,12/18/2020,14:09:47
DOS attack,RST Scan,157.240.2.20,443,12/18/2020,14:04:30
DOS attack,RST Scan,17.248.241.173,443,12/18/2020,13:55:15
DOS attack,RST Scan,23.63.187.104,443,12/18/2020,13:18:01
DOS attack,RST Scan,216.155.194.54,995,12/12/2020,23:22:54
DOS attack,RST Scan,104.122.45.100,443,12/12/2020,22:45:20
DOS attack,RST Scan,98.137.157.46,995,12/12/2020,21:56:23
DOS attack,RST Scan,51.161.12.45,25565,12/12/2020,21:00:51
DOS attack,RST Scan,17.248.241.79,443,12/12/2020,20:45:27
DOS attack,RST Scan,23.56.175.121,443,12/12/2020,20:44:43
DOS attack,RST Scan,157.240.18.35,443,12/12/2020,19:20:58
DOS attack,RST Scan,157.240.2.20,443,12/12/2020,18:29:58
DOS attack,RST Scan,104.93.74.228,443,12/12/2020,17:31:11
DOS attack,RST Scan,157.240.2.21,443,12/12/2020,17:18:48
DOS attack,RST Scan,157.240.2.25,443,12/12/2020,17:18:14
DOS attack,RST Scan,104.91.200.163,443,12/12/2020,15:17:56
DOS attack,RST Scan,17.248.241.74,443,12/12/2020,12:47:36
DOS attack,RST Scan,23.39.40.13,443,12/12/2020,12:32:18
DOS attack,RST Scan,34.96.105.8,443,12/12/2020,11:22:34
DOS attack,RST Scan,74.208.236.141,80,12/12/2020,11:14:13
DOS attack,RST Scan,69.171.250.20,443,12/12/2020,10:59:55
DOS attack,RST Scan,104.244.37.20,443,12/12/2020,10:54:01
DOS attack,RST Scan,23.35.73.245,443,12/12/2020,10:44:00
DOS attack,RST Scan,74.119.119.131,443,12/12/2020,10:36:18
DOS attack,RST Scan,74.119.119.149,443,12/12/2020,10:33:23
DOS attack,RST Scan,184.27.221.111,443,12/12/2020,10:30:33
DOS attack,RST Scan,74.208.236.141,80,12/12/2020,10:02:33
DOS attack,RST Scan,74.208.236.141,80,12/12/2020,09:35:59
DOS attack,RST Scan,17.248.241.143,443,12/12/2020,09:22:10
DOS attack,RST Scan,157.240.2.25,443,12/12/2020,08:38:20
DOS attack,RST Scan,64.74.236.63,443,12/12/2020,08:14:01
DOS attack,RST Scan,157.240.18.35,443,12/12/2020,07:48:32
DOS attack,RST Scan,104.122.44.104,443,12/12/2020,07:38:46
DOS attack,RST Scan,104.91.200.163,443,12/12/2020,07:37:40
DOS attack,RST Scan,157.240.2.25,443,12/12/2020,07:31:46
DOS attack,RST Scan,184.28.239.98,443,12/12/2020,07:30:36
DOS attack,RST Scan,17.253.144.12,443,12/12/2020,07:23:11
DOS attack,RST Scan,17.253.25.204,443,12/12/2020,07:18:37
DOS attack,RST Scan,104.91.200.163,443,12/12/2020,06:57:15
DOS attack,RST Scan,17.253.24.213,443,12/12/2020,06:23:48
DOS attack,RST Scan,74.6.106.29,995,12/12/2020,04:27:17
DOS attack,RST Scan,17.253.144.12,443,12/12/2020,03:05:04
DOS attack,RST Scan,74.208.236.141,80,12/12/2020,01:13:21
DOS attack,RST Scan,74.208.236.141,80,12/12/2020,00:48:37
DOS attack,RST Scan,74.208.236.141,80,12/11/2020,22:46:34
DOS attack,RST Scan,208.80.154.224,443,12/11/2020,22:27:01
DOS attack,RST Scan,98.137.157.46,995,12/11/2020,22:25:20
DOS attack,RST Scan,74.6.145.75,993,12/11/2020,22:11:41
DOS attack,RST Scan,17.248.241.74,443,12/11/2020,20:44:42
DOS attack,RST Scan,161.69.122.115,8080,12/11/2020,20:42:09
DOS attack,RST Scan,17.32.194.34,443,12/11/2020,20:25:57
DOS attack,RST Scan,184.25.116.75,443,12/11/2020,20:23:10
DOS attack,RST Scan,157.240.2.20,443,12/11/2020,18:38:57
DOS attack,RST Scan,157.240.2.35,443,12/11/2020,18:13:58
DOS attack,RST Scan,157.240.18.15,443,12/11/2020,17:45:41
DOS attack,RST Scan,161.69.122.115,8080,12/11/2020,16:42:06
DOS attack,RST Scan,74.208.236.141,80,12/11/2020,16:37:49
DOS attack,RST Scan,142.250.111.108,993,12/11/2020,15:51:20
DOS attack,RST Scan,74.6.106.26,993,12/11/2020,15:21:57
DOS attack,RST Scan,17.248.241.179,443,12/11/2020,15:07:37
DOS attack,RST Scan,23.39.37.187,443,12/11/2020,15:02:26
DOS attack,RST Scan,23.66.173.7,443,12/11/2020,14:14:33
DOS attack,RST Scan,23.39.37.117,443,12/11/2020,14:13:04
DOS attack,RST Scan,17.248.241.231,443,12/11/2020,13:55:21
DOS attack,RST Scan,104.91.200.181,443,12/11/2020,11:34:02
DOS attack,RST Scan,17.253.25.208,443,12/11/2020,11:26:59
DOS attack,RST Scan,161.69.122.115,8080,12/11/2020,11:12:41
DOS attack,RST Scan,142.250.111.109,993,12/11/2020,10:59:19
DOS attack,RST Scan,3.10.141.190,443,12/11/2020,10:52:49
DOS attack,RST Scan,74.208.236.141,80,12/11/2020,10:09:26
DOS attack,RST Scan,52.70.104.88,443,12/11/2020,09:29:50
DOS attack,RST Scan,52.70.104.88,443,12/11/2020,09:18:10
DOS attack,RST Scan,3.10.141.190,443,12/11/2020,08:31:27
DOS attack,RST Scan,104.124.14.213,443,12/11/2020,08:09:06
DOS attack,RST Scan,52.119.198.59,443,12/11/2020,08:06:32
DOS attack,RST Scan,216.58.192.133,443,12/11/2020,07:29:36
DOS attack,RST Scan,17.248.185.238,443,12/11/2020,06:59:59
DOS attack,RST Scan,17.253.144.12,443,12/06/2020,00:21:36
DOS attack,RST Scan,72.30.3.55,993,12/05/2020,23:27:55
DOS attack,RST Scan,74.6.145.75,993,12/05/2020,23:24:16
DOS attack,RST Scan,17.248.190.199,443,12/05/2020,22:46:04
DOS attack,RST Scan,17.248.241.178,443,12/05/2020,20:46:18
DOS attack,RST Scan,17.248.190.139,443,12/05/2020,20:12:43
DOS attack,RST Scan,173.222.110.74,443,12/05/2020,19:54:51
DOS attack,RST Scan,17.253.144.10,443,12/05/2020,19:16:50
DOS attack,RST Scan,51.143.123.197,443,12/05/2020,19:07:23
DOS attack,NULL Scan,132.232.82.237,30963,12/05/2020,19:02:11
DOS attack,RST Scan,157.240.2.20,443,12/05/2020,18:38:27
DOS attack,RST Scan,17.248.241.83,443,12/05/2020,18:03:33
DOS attack,RST Scan,17.57.144.100,5223,12/05/2020,17:26:41
DOS attack,RST Scan,157.240.18.15,443,12/05/2020,17:14:25
DOS attack,RST Scan,157.240.2.20,443,12/05/2020,17:09:55
DOS attack,RST Scan,23.192.101.186,443,12/05/2020,17:07:36
DOS attack,RST Scan,17.248.241.197,443,12/05/2020,16:13:00
DOS attack,RST Scan,17.248.241.240,443,12/05/2020,15:16:55
DOS attack,RST Scan,68.67.160.25,443,12/05/2020,15:03:16
DOS attack,RST Scan,184.28.239.238,443,12/05/2020,15:02:10
DOS attack,RST Scan,68.67.179.90,443,12/05/2020,14:55:38
DOS attack,RST Scan,52.41.239.33,443,12/05/2020,14:52:12
DOS attack,RST Scan,157.240.2.20,443,12/05/2020,13:51:15
DOS attack,RST Scan,17.253.144.10,443,12/05/2020,13:04:56
DOS attack,RST Scan,104.91.200.163,443,12/05/2020,11:50:16
DOS attack,RST Scan,142.250.111.109,993,12/05/2020,11:16:09
DOS attack,RST Scan,17.253.25.207,443,12/05/2020,10:46:45
DOS attack,RST Scan,172.217.0.2,443,12/05/2020,10:15:12
DOS attack,RST Scan,69.171.250.20,443,12/05/2020,10:14:41
DOS attack,RST Scan,161.69.122.115,8080,12/05/2020,10:12:31
DOS attack,RST Scan,142.250.112.109,993,12/05/2020,09:28:38
DOS attack,RST Scan,17.253.25.207,443,12/05/2020,09:06:42
DOS attack,RST Scan,34.233.20.182,443,12/05/2020,09:05:47
DOS attack,RST Scan,69.171.250.20,443,12/05/2020,08:34:56
DOS attack,RST Scan,98.137.159.41,993,12/05/2020,08:34:13
DOS attack,RST Scan,104.91.200.163,443,12/05/2020,08:21:39
DOS attack,RST Scan,23.35.71.66,443,12/05/2020,07:47:12
DOS attack,RST Scan,17.253.144.12,443,12/05/2020,06:29:39
DOS attack,RST Scan,23.39.40.156,443,12/05/2020,06:14:00
DOS attack,RST Scan,104.102.249.169,443,12/05/2020,05:43:25
DOS attack,RST Scan,161.69.122.115,8080,12/05/2020,05:42:36
DOS attack,RST Scan,67.195.205.49,993,12/05/2020,04:10:57
DOS attack,RST Scan,17.253.144.12,443,12/05/2020,03:26:01
DOS attack,RST Scan,17.253.144.12,443,12/05/2020,02:25:56
DOS attack,RST Scan,104.102.249.66,443,12/05/2020,01:30:28
DOS attack,RST Scan,74.6.106.29,995,12/05/2020,00:33:51
DOS attack,RST Scan,172.217.4.69,443,12/04/2020,23:22:26
DOS attack,RST Scan,142.250.112.108,993,12/04/2020,22:27:46
DOS attack,RST Scan,172.217.9.37,443,12/04/2020,21:13:13
DOS attack,RST Scan,17.248.241.100,443,12/04/2020,20:28:21
DOS attack,RST Scan,67.195.205.49,993,12/04/2020,17:57:38
DOS attack,RST Scan,23.56.175.90,443,12/04/2020,17:50:11
DOS attack,RST Scan,17.253.144.10,443,12/04/2020,15:56:55
DOS attack,RST Scan,17.248.131.146,443,12/04/2020,15:05:02
DOS attack,RST Scan,184.28.239.98,443,12/04/2020,14:46:39
